sleep_hours,screen_time_hours,stress_level,task_count,focus_score,overload_score
5.7,11.8,2,12,5,81.47834505741667
3.9,3.7,3,4,9,23.981059414116693
3.8,7.8,4,10,3,71.64130555382769
5.9,5.3,4,7,4,42.56330411543776
9.0,7.6,1,10,9,34.67414535724085
8.1,10.6,4,1,7,35.444007119227294
4.0,6.1,10,8,5,93.3876539420108
6.2,11.0,5,7,6,69.09259808245378
5.7,11.7,8,3,3,88.94892038449404
7.1,8.1,8,9,5,77.78764047681796
3.8,3.7,3,1,4,35.31210466538148
8.0,3.3,3,9,2,56.13315048833816
4.0,4.6,9,4,2,91.94064169058534
8.9,11.2,9,10,2,100.0
6.7,3.0,5,10,7,46.74176594883823
7.5,4.9,2,6,8,20.0241980366473
7.9,11.7,2,10,2,70.22629659025498
3.6,10.3,10,7,2,100.0
6.9,2.5,2,10,9,33.732608660645255
6.6,6.7,4,6,1,71.649561589007
7.4,3.6,7,6,7,37.755382901540344
6.0,7.6,7,9,6,81.71953261872021
9.0,3.1,10,6,10,42.20095238049555
5.3,7.6,10,4,6,75.00842790669994
8.6,8.8,4,9,4,52.02572568912861
5.6,9.5,9,7,1,96.5788841458868
6.7,2.4,10,7,6,58.09471616218339
3.3,2.5,6,6,4,65.22775339496012
5.0,3.6,4,9,6,60.904989149051495
6.0,4.8,5,8,1,82.63341752453368
8.8,6.4,3,10,7,40.642712819956955
4.0,7.0,8,6,4,87.06255260460979
4.4,4.9,10,2,2,78.83793082657512
4.5,11.5,8,10,7,85.12408254991716
9.0,6.3,5,12,5,66.4565443029777
4.9,6.2,4,3,10,22.21567935545162
4.2,7.0,1,3,7,29.816719838852826
6.4,8.4,3,12,9,56.828767589364695
8.9,7.5,8,12,10,60.849822260560245
7.8,9.1,4,4,5,43.75088459236932
5.5,11.2,4,7,7,57.70221486586654
7.3,2.6,3,7,1,43.00335831558246
5.1,4.0,3,5,3,58.323409447853706
3.1,11.2,1,3,3,50.61271363445469
3.9,3.6,7,2,9,25.678793692255866
4.0,3.8,9,8,5,85.67396322924364
8.3,9.3,3,5,6,56.11834706991439
5.2,9.3,4,2,5,48.010346876290576
3.5,6.8,8,10,4,88.6940698255229
9.0,12.0,7,6,5,70.53243988550263
7.9,10.6,5,1,6,27.537709593352524
5.2,11.1,2,8,7,59.857200591973175
3.4,7.6,6,10,1,99.00936513366779
3.2,4.5,4,12,9,64.17308658704437
6.6,4.0,1,9,10,15.212778069123534
6.6,6.6,8,6,9,52.72849266651495
6.5,5.5,7,11,7,66.49687369665152
4.0,3.5,2,3,1,57.540318771812586
5.4,6.6,9,3,9,54.74938555780036
4.7,4.8,10,9,8,65.47162550106681
8.1,3.2,7,8,4,60.53486226253386
7.5,12.0,2,8,8,46.89524708173828
8.8,11.4,5,3,9,31.378190913093
3.4,9.0,6,12,2,100.0
8.9,5.8,6,3,3,55.19021225430337
5.7,7.6,5,12,9,58.3469033454795
7.7,6.5,4,5,2,50.008923794292215
8.8,7.8,6,8,8,53.17026910976982
7.1,8.0,10,5,8,61.27149220822126
4.0,6.1,9,4,10,41.48782423679245
3.9,5.7,3,6,6,56.175561106138986
7.3,11.2,4,2,7,45.40471164546048
4.2,6.1,2,7,7,40.571339176425845
5.7,4.3,1,1,5,23.686590451406577
5.6,11.6,1,9,9,48.49095206632055
8.9,9.2,4,12,10,38.40082725481307
4.0,4.8,3,7,6,49.84929963997865
5.4,5.6,8,3,8,45.70005871077626
5.2,10.3,1,10,1,80.82214136899046
7.1,5.4,4,3,1,66.01942364388954
7.8,8.3,2,10,2,76.27970456971843
5.9,4.3,6,9,6,76.38334707097661
3.5,4.5,8,2,10,34.648762072431914
5.1,11.6,10,4,1,99.91640140076696
3.1,10.8,10,3,1,96.26617470571134
7.3,5.3,2,6,8,27.246473437651716
7.9,5.6,2,6,3,35.871956783111074
3.2,9.6,9,5,8,94.8340966422948
8.7,8.7,8,12,8,66.23239496121504
5.6,5.6,2,10,4,56.61899565515055
7.8,8.2,7,10,2,77.69070758110138
8.4,10.3,3,4,7,24.784270546231124
7.7,7.9,6,1,5,43.955898296398075
7.2,8.8,1,10,6,62.00005456431842
7.5,10.1,6,11,7,62.51243032413329
4.4,3.2,7,10,1,100.0
8.3,6.7,10,2,2,68.74656397511194
3.9,8.6,10,11,6,94.32506478287178
8.2,6.4,6,9,8,46.74295589317933
6.2,5.6,1,12,10,28.958870113188297
8.8,9.5,5,1,9,46.04033344392231
4.0,5.1,1,4,7,13.705383126839259
3.5,10.2,10,3,1,100.0
7.9,5.9,9,1,9,33.13571954818459
4.4,4.9,4,3,3,43.5489142805104
7.9,4.4,3,10,6,40.655297665242934
7.2,6.9,7,9,5,74.38314252767661
4.1,10.4,10,1,2,99.35924825205984
4.1,2.8,10,9,5,87.80136154381645
3.7,2.1,8,10,10,48.63417552887786
7.8,8.4,7,8,7,58.60095400355557
4.4,6.4,3,9,8,46.02256032451419
5.6,2.8,2,6,9,23.133944127627114
6.9,5.2,10,5,6,74.10010371814366
3.8,10.6,5,10,2,98.14381231237934
8.4,10.1,5,10,4,62.586793599289194
8.4,7.0,7,9,1,84.60267525764422
6.5,3.5,6,11,1,88.32365193048778
5.2,7.8,4,7,3,75.47653541700362
7.2,6.0,9,4,10,36.384807879699295
5.5,10.1,10,7,2,92.94392386447919
3.3,9.0,8,1,8,39.73723642054746
8.1,5.6,4,7,5,54.13823783582408
7.5,2.6,8,3,9,38.580307829952204
6.2,4.4,3,2,7,28.04297129437268
7.5,5.0,10,8,8,63.30440400287043
4.9,10.9,9,10,9,82.56479533102895
7.9,6.7,9,6,5,70.14844055378111
3.1,7.8,4,5,1,86.48208871805626
8.0,8.9,5,10,9,47.337571822046606
6.8,5.3,7,4,5,48.60335493917019
4.8,11.4,6,8,2,97.83019283753426
8.6,2.6,9,3,5,47.416732536907126
7.2,4.0,9,2,1,69.92656440157558
5.2,3.8,6,8,2,87.09878863592098
8.3,4.1,4,10,10,22.48629921796376
5.2,3.7,9,8,8,58.37193073316002
7.8,5.4,7,2,5,38.09808196224518
7.3,4.9,3,9,7,30.014020594891406
8.5,9.7,4,4,4,52.06303890957161
7.8,8.6,1,8,4,47.93702387502369
6.6,6.1,10,9,3,87.49232111258887
8.2,9.1,6,2,3,54.22363550518912
4.0,10.7,9,9,3,100.0
8.8,11.5,9,12,10,61.07106189893033
6.0,2.1,5,11,4,70.6387664057313
6.5,9.0,4,12,5,73.40160053844619
7.5,5.8,4,2,5,33.677844426294925
8.8,9.9,10,8,3,92.26582254060341
3.4,8.3,9,9,8,81.09686782618857
7.8,7.5,4,9,5,55.712700047257684
7.7,6.7,3,9,9,37.621753546681916
5.5,6.1,8,4,1,75.76901548279471
5.1,10.9,9,2,6,80.51492573720054
6.1,8.2,3,5,10,30.87688001588559
6.2,6.0,6,3,8,37.22828603318887
8.7,4.5,6,8,6,50.683955117654364
8.6,6.5,4,9,2,75.0302081147828
4.8,3.9,9,4,2,83.28332515003325
8.5,11.1,7,8,3,78.21480403706819
4.5,9.6,6,11,6,77.49806694485775
4.3,2.7,4,9,7,43.497405808021014
5.0,3.8,6,11,6,76.74365012708522
6.1,3.6,10,2,9,41.04450395313036
5.3,3.1,10,10,10,67.73426538026067
9.0,7.2,9,1,1,74.35251667035365
8.8,5.2,2,2,5,20.197828883454836
7.0,5.8,8,2,3,66.10608131206376
8.0,8.1,6,11,9,57.334733428122576
7.2,5.8,6,9,4,68.99660926927417
6.6,7.4,6,4,6,65.03108342087357
7.7,9.9,10,6,6,75.0521318156859
6.8,7.0,1,4,4,45.63045000433385
6.5,5.6,10,4,5,60.482985218666535
5.7,8.0,7,12,9,56.91349247033238
8.0,7.8,5,1,3,44.943956742531505
6.8,3.1,2,7,3,50.73981355983254
5.3,3.4,9,10,9,64.917405699887
6.9,7.4,1,2,2,26.941401229749843
4.6,10.7,8,5,3,88.68030051420718
3.4,4.2,3,5,2,67.81098219040416
6.8,5.5,8,11,8,72.54608749460414
8.8,9.2,7,7,6,58.60995340951326
5.3,11.8,7,3,3,77.33564673993997
5.1,4.3,4,4,10,25.427578619357046
7.6,7.8,3,7,10,21.10542257869727
8.7,6.0,6,2,8,27.212635221519083
5.1,4.2,2,12,3,74.63777680063114
7.4,11.7,9,12,7,89.43944769399589
4.1,11.3,8,7,10,67.90400677149627
7.2,8.6,7,2,5,60.59066905357952
3.2,7.1,9,10,2,100.0
7.5,6.1,5,5,5,42.4796632900394
4.3,5.8,2,5,10,22.39817587758199
6.3,10.8,4,1,9,27.699123206707682
8.6,10.2,10,8,5,88.75720124587352
6.6,2.2,6,8,2,68.05137814741062
8.5,6.3,6,8,5,54.519103089002506
5.9,2.9,6,1,10,11.068898352297909
6.5,5.1,4,2,5,35.678564766289405
7.3,7.3,10,4,6,67.96000305019857
7.5,4.4,4,2,1,48.40688466711818
5.5,5.1,4,2,5,36.282072722871696
6.3,2.8,4,9,2,72.30583786861145
7.7,9.7,7,5,8,46.08176964307972
6.5,4.2,6,8,9,51.84583445139379
3.2,2.7,4,2,10,26.0172674797205
6.2,3.0,3,1,5,31.43826848170901
8.6,6.1,4,4,4,42.28856493145035
4.2,10.1,7,2,4,86.9628457277635
8.7,2.7,10,4,1,69.1364247943331
3.5,7.3,6,11,4,86.7338894234331
8.9,3.3,2,4,10,0.0
3.5,7.1,2,10,4,73.07280625954104
3.6,11.3,4,8,6,67.92116344021456
7.6,3.1,6,8,7,48.034136304440196
6.8,4.5,7,8,5,62.71414061200627
5.6,7.3,3,2,1,55.65993326345
6.8,4.4,5,2,5,38.91318095657353
5.4,3.4,9,9,2,87.54806024465773
6.6,4.5,2,3,7,25.901825861748595
7.1,11.4,9,3,9,59.41814023294972
6.8,9.4,7,11,3,85.54120588874524
8.7,6.2,8,5,4,58.06189690209566
4.2,5.7,7,11,1,99.54106770740137
4.4,4.1,4,7,7,48.03290998564702
4.7,9.7,8,4,9,58.11168906371663
8.3,6.8,10,1,5,61.76880905229592
4.9,3.3,3,11,4,55.83524899088654
6.1,10.5,7,3,10,45.476405057396796
6.6,11.6,5,7,3,78.70478403983553
4.7,8.1,3,6,10,17.197962986695654
8.1,5.0,9,1,9,39.099333923424126
4.4,4.8,2,11,4,65.95142481684029
3.4,3.3,8,12,3,90.13234220566918
5.2,7.8,4,10,4,83.59176075121314
5.1,11.6,8,9,4,85.90393677899168
4.5,4.1,10,4,9,58.790257180307464
3.4,9.5,3,1,7,27.93791109006785
8.4,2.3,6,10,5,50.8092355595918
4.4,10.9,4,5,3,77.53992592824636
6.6,5.0,9,10,2,94.74341290581302
7.1,5.8,4,6,6,45.7761074342879
8.6,5.3,1,1,9,0.0
4.9,2.7,1,3,10,10.15748233164449
7.0,9.0,2,1,8,18.587078356606757
8.8,8.5,9,10,1,96.15911804204028
6.6,5.0,2,2,2,52.16014879495761
5.6,10.7,7,6,4,71.57350326416709
6.8,10.6,8,4,8,51.95139896149055
4.0,9.6,8,6,2,89.27860698591527
4.5,8.5,8,1,9,51.461936196783434
6.0,6.4,2,1,7,32.08854458190537
6.5,11.4,8,2,7,66.84267361458002
6.2,6.6,3,10,7,46.85082163219566
6.4,5.4,9,5,1,89.91417534779904
5.1,2.3,6,5,9,40.41742465411779
7.8,11.1,7,4,4,70.62420370703829
6.3,3.9,4,3,1,56.17324221816824
7.8,9.7,1,11,10,38.94799461786524
8.1,5.4,2,1,3,24.28419397976912
7.9,4.4,8,8,3,72.0612999208535
5.3,4.6,8,6,2,87.37535517030156
7.6,4.8,5,12,1,81.97110250784814
6.7,6.4,8,3,7,56.59949541068869
3.6,10.6,7,5,1,99.55685331856188
4.8,7.9,4,5,1,65.98705560986357
4.6,10.2,2,11,2,90.16021217085206
4.1,4.3,2,9,6,49.013405716735654
5.8,11.2,8,11,7,75.97112902330265
7.4,10.3,4,7,5,57.850239845678594
8.5,5.1,10,1,10,27.42721234627942
4.7,11.9,8,7,5,77.1918305696664
4.6,3.8,3,10,9,38.95683466871985
4.1,6.4,9,7,8,67.79553207971387
6.4,2.7,5,11,10,40.52556298703137
5.9,2.5,3,5,3,53.28414675016751
6.3,5.3,2,10,7,33.3213181374678
4.3,7.8,3,11,9,54.24120695932577
3.3,3.4,1,6,4,57.24533022451307
8.7,2.3,4,8,9,29.787442799510366
7.3,4.9,8,7,6,60.337968138024785
5.4,7.4,1,1,4,39.98263872557293
3.9,8.7,3,3,1,68.63870963949037
3.3,12.0,2,5,7,60.04786253810184
3.7,11.4,9,5,2,100.0
6.9,7.0,8,11,6,76.17621688002782
9.0,9.0,6,5,4,66.961957871971
3.5,4.0,1,8,2,62.983624207553724
4.2,5.2,2,5,9,26.856528283309917
7.8,2.1,8,5,6,46.73776784288837
4.4,2.8,7,6,6,62.290754961253974
6.6,2.0,4,12,5,63.25088586509796
3.1,9.5,6,2,9,51.930352908377806
7.3,2.8,7,2,1,61.25851598752765
8.4,9.0,10,5,9,51.09069786546712
6.8,11.6,2,12,4,60.9575028691684
8.7,7.9,1,5,9,13.205606531407927
3.5,9.7,4,1,3,51.1055855067438
5.1,9.0,4,3,2,64.90533911269709
8.5,3.6,3,1,10,0.0
7.6,3.5,1,12,9,32.911941274700744
3.2,2.1,7,11,8,69.07249584460418
3.0,10.5,8,12,5,100.0
8.7,9.6,2,1,4,28.711221615380087
7.8,3.3,10,4,10,14.145406511153098
3.1,8.8,9,9,7,88.52688680730745
8.3,8.1,9,11,8,71.46674943301578
5.7,10.1,3,4,7,56.93022452929887
6.7,10.5,5,9,4,76.514041278503
3.6,10.2,1,2,1,68.10144909868295
4.4,8.4,2,7,5,71.68424895385257
5.2,8.3,9,6,5,79.73701225025962
8.4,6.4,10,11,1,100.0
7.3,2.4,2,1,1,25.835159547789033
4.4,9.3,1,6,3,77.44449700961856
6.2,6.6,10,4,5,64.14636445720762
4.9,6.5,9,5,2,88.86193816903126
5.4,10.2,9,3,1,91.40583260263801
6.8,6.2,6,1,7,29.615465086877187
7.3,6.8,10,8,8,63.20107283105938
7.4,9.5,10,6,7,70.19563255022302
6.9,5.0,10,9,4,75.26640621932513
7.1,5.3,4,10,6,63.936977660893916
6.5,4.1,8,12,5,78.45770929242379
4.8,7.3,1,3,8,18.91881516097688
8.8,7.5,8,1,7,24.967135179552876
6.5,11.4,9,12,6,85.62107266506926
5.1,4.2,6,1,10,24.02422303448603
7.8,2.3,5,11,6,47.190835323220476
6.9,5.8,2,1,10,7.091119491527952
3.7,2.1,5,11,4,55.72075496028529
5.9,8.9,6,6,4,71.72172453862206
3.9,3.8,9,12,1,100.0
5.5,6.1,4,8,7,35.91174597206728
7.7,8.3,4,9,5,59.160463518876156
6.2,8.8,9,8,4,89.77737665003265
7.7,9.6,5,10,3,90.08051581100126
8.2,8.0,2,9,10,26.025796891318826
8.5,4.0,4,10,6,48.53737983896193
6.2,6.7,2,11,9,48.814117184079926
3.5,5.7,3,4,10,33.26302744571632
8.8,8.4,2,7,10,20.825367253437832
5.5,8.3,7,3,10,47.456015988586394
4.9,7.8,10,12,5,100.0
6.7,9.1,5,4,9,40.87070598774357
4.0,9.1,2,5,2,70.63554448503672
4.2,9.4,5,5,2,73.40922829545255
5.3,9.4,1,6,1,69.75900537639758
6.9,7.3,8,3,4,69.14862268892585
3.6,2.2,2,11,2,69.795581690354
8.8,10.4,5,7,5,53.8585632153859
8.6,11.0,5,12,4,80.18096332666904
4.1,9.0,6,6,7,61.14316564167247
5.7,4.7,2,5,5,39.55930069742137
4.1,10.5,2,6,5,66.24396562073419
8.4,6.7,7,1,10,12.83601087380569
8.4,5.0,2,7,2,50.259996788401054
4.1,6.5,3,10,10,41.97667478433911
8.7,5.9,9,4,10,33.90409599260313
7.1,2.3,7,4,5,51.17648699900819
3.5,3.3,8,10,7,75.18586361803003
5.0,6.0,8,5,10,43.77953632295569
8.5,3.3,9,8,4,65.36976447612311
5.8,4.9,10,5,5,70.40153216833154
3.9,5.8,10,8,9,83.84070116222549
5.1,7.6,2,12,1,87.39469746934763
6.7,9.3,6,7,1,74.79170637980572
6.0,7.2,4,2,7,22.073645704260528
6.1,7.3,4,5,8,42.38578287935873
7.8,9.6,1,6,1,60.098019153303454
7.9,11.6,10,1,1,86.24653356762853
8.9,8.9,5,7,1,75.92034707498662
6.9,9.5,2,4,7,38.471207529273435
4.4,9.8,2,10,9,42.358728219970416
4.4,9.5,9,2,5,61.32998141478741
4.0,10.8,4,11,7,80.62900497732309
3.2,8.8,6,6,10,62.618998808324314
6.4,10.5,6,10,10,64.71011492385688
8.1,10.0,3,5,10,30.870459651542184
5.2,3.8,10,8,2,88.47460789978754
8.8,7.2,2,3,7,26.415479861582355
8.5,9.8,1,4,4,52.96896932932686
5.1,6.8,2,2,1,58.45832937691225
3.9,11.2,1,6,3,66.31387663013261
8.0,6.2,7,1,5,46.3408627715254
3.0,6.7,3,2,7,37.51886731715165
7.5,4.8,8,5,10,29.06007688178543
6.6,10.0,10,6,10,51.324127984963276
4.5,4.7,10,10,5,91.61328590399141
5.3,6.3,3,3,1,52.297392114563245
4.4,3.1,1,12,5,58.83600673799733
3.7,5.2,1,1,1,51.59728207335365
3.4,5.9,5,8,2,78.35523450024337
6.6,5.4,3,3,8,21.006279711518022
8.7,4.7,4,10,5,51.485935406538886
3.5,11.9,3,7,9,65.66270500630753
5.9,5.9,10,12,7,96.05501056935374
3.8,4.4,2,4,1,55.07726088539826
3.8,9.7,7,3,7,60.44191897186011
7.1,7.3,2,5,7,32.89862130141765
5.9,3.1,5,10,4,67.0518528910011
5.6,7.3,4,7,2,70.3125559111512
4.8,5.1,10,10,4,90.03712370922398
4.0,2.3,10,6,5,67.26048755004803
4.2,10.7,6,10,6,83.0435523747017
7.7,2.1,4,2,2,40.47877654352498
6.7,5.9,7,12,1,100.0
8.1,3.7,10,3,1,74.17368169223981
6.3,9.3,8,6,4,83.57918308844306
6.5,8.9,10,9,6,85.31531183391455
8.9,6.1,5,7,9,25.019031833515115
5.0,4.0,1,6,1,63.26370909543769
5.6,8.8,7,9,9,59.788568267103486
3.2,8.3,9,1,3,78.30611355011949
7.4,10.6,1,5,7,26.321537741087845
7.6,9.0,5,4,10,20.467149656734996
7.1,3.9,1,1,3,22.093962377880242
7.9,11.4,4,10,2,81.9312704877093
7.1,5.5,6,11,7,69.54732534762698
4.7,3.4,10,6,1,90.01429600789135
3.7,11.6,1,11,10,62.589389278839676
3.4,9.5,10,11,5,100.0
5.7,4.2,1,4,9,20.049781165464143
4.1,4.6,7,10,8,71.36225711948669
8.2,8.3,9,11,1,100.0
6.6,7.4,3,11,8,62.28540332601678
4.5,10.5,9,3,3,79.89858554365253
8.3,8.9,6,6,5,52.54390191214803
7.5,3.7,7,6,6,48.312898321481406
7.5,9.3,7,8,7,60.24711417103192
5.5,11.7,10,7,8,88.30234470181234
3.6,4.3,6,5,2,71.15609371272149
3.1,2.2,9,11,9,71.8645036082258
9.0,9.1,7,12,1,89.9282007269517
4.6,3.5,8,3,10,27.112553782033327
3.1,10.4,6,2,7,63.40167822398317
6.5,4.5,8,12,9,57.00440416728814
8.7,10.8,6,10,6,76.99811199668079
6.8,5.7,8,5,1,78.73490556096166
7.5,6.0,9,11,4,85.97845308114356
3.2,3.3,1,8,2,58.34905322960591
5.3,3.6,8,4,8,52.19763927593153
6.2,7.3,4,6,4,52.62707957876075
3.8,5.0,3,11,4,70.52419527202207
5.6,4.8,9,2,9,43.7407394395178
6.3,6.9,10,8,9,62.9230102778541
4.8,9.5,4,1,3,65.47752115333402
8.6,5.6,4,5,10,19.026377171836245
5.7,3.0,2,9,2,58.79181457978661
7.1,5.2,9,10,4,78.96656570947647
4.9,11.4,8,8,3,100.0
7.6,11.6,10,10,1,99.28629746809446
8.6,10.6,3,4,6,43.41283049347974
7.4,5.0,9,8,7,70.47947466439365
3.8,5.9,8,11,5,90.14647929360862
4.7,9.3,4,10,5,74.17269459502894
7.8,3.7,5,10,5,60.38043351719236
4.3,7.8,8,4,6,55.596008123734386
7.8,2.9,4,10,4,51.741128544271106
6.2,3.5,4,11,5,63.07367510890583
7.3,4.5,6,3,10,13.131452965798257
7.5,10.3,5,11,2,91.00580859841517
6.1,3.0,1,11,1,64.9996242362902
7.9,11.2,1,9,3,59.17390669721333
4.3,5.0,8,1,8,45.2698817244787
6.2,11.2,2,2,5,43.30861174374091
8.2,10.8,1,6,8,24.3445382153434
3.8,5.1,9,7,6,71.91663750656916
4.3,3.2,6,8,4,71.20077661930245
6.4,10.1,8,5,9,52.150365998063776
5.1,7.8,9,11,9,80.69227639199201
8.4,4.0,5,12,9,40.63157387794964
7.8,5.8,9,8,8,59.18913379906522
5.6,6.9,1,9,5,50.46141947879741
8.7,2.2,1,12,10,5.263858028723671
6.8,9.7,10,3,5,58.6344218490446
6.7,6.7,1,1,9,0.0
7.1,4.6,8,8,4,71.82866217781115
8.3,5.5,5,12,9,38.08045646196184
3.4,3.6,7,9,4,79.01444445173273
8.7,10.6,2,10,10,36.56946786468952
6.7,5.8,4,5,6,43.22565063047044
5.4,5.1,6,8,7,47.665023352297574
3.6,2.5,7,8,5,83.3752218274249
4.4,2.4,3,9,5,49.88026566970208
8.6,10.8,7,6,2,82.46770463113
8.4,8.5,6,6,6,59.36085807066437
7.1,4.3,9,4,8,49.91965369083389
8.3,2.1,1,2,8,1.5104510606863588
5.5,4.4,3,9,7,40.16139258741343
8.5,10.8,2,10,7,39.906386808005855
5.6,7.7,1,4,1,49.56661782324245
4.3,10.2,2,7,2,57.43508367762807
9.0,5.7,2,10,6,46.572390321073236
8.9,2.6,5,2,3,46.22173064983782
6.4,4.5,6,11,3,87.39920229219591
6.3,7.7,4,3,8,36.324466538098676
3.6,8.6,3,6,6,51.79053990629947
4.7,6.8,2,11,7,54.20299843848834
8.6,6.7,9,9,4,67.21766686317223
5.2,7.6,1,8,7,50.517200420335655
6.0,7.3,3,1,7,32.465645460481475
7.4,10.5,9,9,5,92.81673265915104
8.9,8.4,7,5,5,51.98550994510201
5.0,9.4,10,12,9,94.16332423282178
8.6,6.0,5,11,8,49.70884573253496
6.1,8.7,10,4,6,70.45607126011487
8.0,8.6,10,5,1,95.96890299442157
8.7,5.7,4,11,10,19.750861585321495
7.2,8.6,10,6,6,70.95686369459897
6.8,10.8,1,12,2,78.40497176606272
5.8,3.8,1,11,9,37.66861972741717
3.6,11.9,9,9,5,100.0
7.1,7.0,3,3,1,49.857933241487366
7.4,9.2,2,2,8,21.42516361864953
3.3,11.5,7,7,2,100.0
7.5,9.6,10,3,2,91.44841149009642
7.6,9.4,1,3,9,1.5173583384806228
3.7,7.8,9,2,9,59.67974026213109
8.7,6.8,7,6,5,52.8974607065299
3.1,5.3,8,2,4,69.61646100278625
3.9,7.6,3,9,2,81.59051445334313
8.1,4.5,10,4,5,60.472913037367086
7.5,8.1,1,12,9,42.433508052718835
3.2,4.2,7,10,7,68.51969587731868
7.9,9.4,10,8,3,91.13056966822742
7.8,8.9,4,7,3,63.96471135898928
5.7,11.1,7,4,4,83.26944552515532
3.4,11.1,3,5,1,84.94568964426443
7.9,5.9,6,4,3,68.37414859239355
5.1,9.5,3,4,9,34.9162590599174
4.3,8.9,10,1,9,60.66282567522461
6.1,8.2,6,11,10,45.39167712965474
5.7,6.1,4,2,10,20.39709076388244
7.7,5.8,10,1,8,39.4940192088197
8.5,5.7,7,3,6,46.04454982720602
3.3,6.6,2,6,9,26.360343843774842
3.8,10.9,10,8,4,100.0
7.8,3.5,7,6,8,34.689706089170066
4.1,10.6,6,10,2,100.0
6.4,5.0,7,1,10,16.462853111795525
5.2,8.1,2,10,10,44.70215720189452
4.4,11.4,9,6,2,96.63857937075791
8.2,12.0,1,12,6,40.4641959128691
8.5,5.4,2,12,6,44.329758310277164
6.4,11.1,7,2,4,64.76517751936134
3.9,5.4,3,10,7,50.359596195339975
4.8,10.0,5,1,3,58.61003822073906
6.4,4.2,5,9,3,64.41245107122134
4.6,7.5,9,4,1,78.7165319716467
3.5,7.0,3,7,4,64.65312002468482
7.0,8.1,9,10,7,70.00177999111249
6.0,12.0,7,6,2,96.73466070627276
7.2,6.8,2,6,5,43.96897631087451
3.8,10.7,9,2,9,48.45730542134387
7.0,9.0,5,4,10,30.647337123843126
8.0,2.1,4,12,9,37.75048531230667
7.3,11.4,5,11,9,56.47441232366472
5.7,7.5,7,9,7,70.66740272089044
7.1,2.7,9,2,6,40.999401997849816
3.3,8.3,10,7,8,71.89831425813304
6.8,8.2,1,9,9,41.82304657608539
8.9,4.5,4,10,3,50.1586611894217
3.0,10.2,1,9,4,70.40870740590908
8.4,8.3,6,7,3,74.15975568831323
5.1,6.0,3,2,5,39.580517115832
6.6,11.4,4,4,1,61.58760287251018
5.4,2.2,6,10,1,84.36120748954731
3.4,9.4,9,4,5,74.3456101762219
5.0,2.2,9,11,4,86.0099130963083
8.3,7.5,10,6,3,90.94606939505317
5.9,7.5,5,7,8,57.23838809636731
6.4,9.9,6,5,2,75.48185672901703
4.1,6.3,1,1,6,26.375122902193603
8.0,2.7,8,4,8,30.24752202789786
3.0,6.8,10,3,8,69.24223553547563
3.3,9.8,1,8,5,53.02423379528059
6.1,10.8,1,9,3,57.50449548583889
6.1,2.8,10,9,8,64.29813754212391
7.6,2.9,6,11,7,61.5881956769307
4.3,8.6,10,12,10,84.57678812376396
6.2,4.5,10,2,9,46.589465313359156
4.8,5.4,7,7,1,80.25726777471283
6.9,5.0,5,2,4,41.552704449921045
3.9,7.8,5,2,7,54.117912309612876
3.8,2.4,4,8,6,56.94984229091768
4.1,3.4,9,9,7,63.242938852411314
7.0,6.9,7,4,3,65.99360161080692
4.5,4.5,9,3,10,41.4906408771626
4.1,11.7,10,11,4,100.0
8.1,8.2,10,12,5,95.2001877799825
7.9,6.2,4,7,9,38.74926000793079
3.3,9.6,9,5,9,60.22288945305242
8.3,10.8,4,9,6,65.93221699947476
7.0,11.7,6,11,9,58.42806584714832
7.2,5.0,10,10,9,61.28949808257439
5.9,11.6,5,5,2,75.3311034218156
6.2,2.5,4,2,6,37.38265886898223
5.6,7.4,6,10,2,92.10250547873709
4.7,9.8,9,6,3,84.69462999728697
4.0,10.3,4,6,3,79.31696110441383
5.4,11.6,3,8,8,48.82368205287427
8.1,2.5,2,2,7,0.9357050632625885
3.2,10.4,9,4,4,79.87261721781995
4.6,9.2,8,9,10,57.53687374411573
9.0,5.3,3,11,6,46.71889129338179
3.1,11.3,8,7,2,100.0
7.1,4.7,8,10,8,37.86752834426998
7.2,10.6,9,3,5,60.646931676254965
5.0,8.1,9,11,2,100.0
4.8,6.4,6,10,2,88.58515958004593
7.8,7.9,4,12,6,70.8452292243551
5.5,4.3,9,2,10,37.96187294266528
3.1,7.7,7,2,10,53.448467697509805
6.5,6.3,5,11,3,88.3337992479095
3.1,7.5,10,1,2,83.49533191946969
8.5,10.9,8,7,3,80.09851827939396
7.7,2.2,9,12,1,100.0
6.7,9.8,8,1,6,59.056113893251506
8.3,4.0,2,5,8,21.553584701262967
6.5,5.8,7,1,3,59.376106272000676
4.5,11.2,5,4,3,80.17343380192072
4.6,3.8,4,4,6,45.30355111185708
4.3,11.5,3,5,9,56.5467004878977
4.5,2.3,2,7,4,37.15032379360691
3.6,3.8,7,3,6,51.7381084745565
4.0,9.1,6,7,3,90.24356026794017
3.8,6.9,10,11,6,93.0874154501757
6.2,6.9,10,12,6,87.57698307150157
3.0,6.4,4,8,3,81.00474549587531
5.9,6.8,10,10,1,100.0
8.0,4.1,6,1,2,28.832596203356204
6.6,7.1,8,4,2,64.89315161661088
6.9,8.8,3,3,3,43.007818896317936
8.3,10.4,10,11,10,66.01136399067936
3.0,3.7,3,11,5,67.43041645629009
5.9,10.6,4,7,1,86.87802345313918
7.0,8.8,3,6,7,47.53059543003987
5.4,2.1,2,2,9,5.573511921228315
8.8,10.0,6,3,4,50.442373808430155
6.0,10.0,3,7,4,42.96553397344218
7.3,10.6,8,9,6,78.84861489912622
3.3,2.4,5,5,1,80.87161352732285
4.0,9.9,7,11,5,90.47701107712439
5.1,2.6,3,5,3,41.26889701677662
8.1,4.9,10,12,10,68.57138999126256
7.1,9.3,2,5,5,45.00773754588673
4.0,4.7,1,10,2,80.47626433945587
5.6,3.2,2,2,3,55.021114854511296
3.7,7.7,7,7,3,78.59030347887335
8.5,3.8,8,6,2,66.0472381756932
6.2,5.0,2,8,4,56.042905479662835
4.2,7.8,8,6,3,83.20592793942336
5.6,2.8,8,6,8,52.66880723375482
6.0,6.1,5,2,6,39.07262018796755
8.0,5.0,3,10,3,67.1004553362791
8.5,3.0,9,5,2,66.60838628312463
7.2,5.2,1,11,4,51.842877606167704
8.7,2.9,9,6,3,69.0721739196675
7.8,11.0,6,11,5,80.40824593595104
6.0,10.3,9,4,8,65.69767028041862
8.6,6.3,1,7,8,23.10489509697669
8.5,2.4,7,3,1,68.83456648476721
9.0,10.6,5,12,8,59.60772368308296
4.0,11.0,3,2,7,56.54543092635291
7.6,2.9,8,2,9,21.875134582845895
6.6,4.5,7,10,9,67.88912817275575
6.2,9.7,1,7,9,39.820874721431046
7.2,11.7,9,10,1,100.0
4.5,4.2,5,5,7,52.52450228653741
5.8,2.4,5,4,4,48.14637539839283
5.4,2.8,10,2,1,71.45810195009057
5.6,8.2,4,3,6,51.902965899284325
7.0,6.6,3,3,10,17.32233261806703
3.8,6.9,5,10,4,88.52072320985953
4.3,9.9,3,10,7,65.0581824555884
8.5,5.0,2,8,7,31.721532593437928
5.1,10.6,5,12,3,100.0
5.0,10.7,5,10,9,68.73901038332279
5.0,9.2,1,8,7,53.876826953481554
5.9,4.6,8,6,1,87.36679403915399
5.0,4.3,3,10,3,77.47338061104423
5.6,6.1,9,2,2,80.35962107958639
4.2,10.3,1,12,6,74.76374400860628
3.0,12.0,7,10,10,81.71450079705878
3.4,2.1,1,11,1,77.71825918853666
8.5,5.7,6,9,9,45.459671349677855
4.7,3.0,5,6,2,56.39788495383793
4.6,10.9,7,3,4,75.00073925336935
4.3,6.7,9,5,8,62.44250669166908
7.0,3.3,2,7,3,42.852196844319614
4.9,4.0,9,12,9,71.39520004678712
6.7,11.4,3,1,10,23.034492129834923
3.0,2.5,4,6,10,27.392117293501677
6.5,11.2,7,10,6,86.13895966361082
3.4,5.4,6,3,2,75.41286726247006
8.9,11.0,9,5,9,44.2009654797065
6.1,11.0,10,4,8,69.00782212662277
7.0,2.6,3,10,6,47.08173698688029
6.4,2.3,7,9,5,70.19735054347618
8.0,3.7,2,1,6,20.884463336509786
7.0,11.1,3,7,9,48.56285360579082
3.8,5.7,3,5,9,36.215517914005005
7.0,10.7,8,4,1,79.6984638007023
8.1,8.7,4,3,1,61.731174891854195
4.9,4.9,5,8,9,34.291994761476744
7.4,5.7,7,2,4,40.99423459086707
6.8,7.1,8,5,2,75.17780099485765
8.8,7.2,10,8,7,69.69206435651631
6.7,5.6,5,3,8,36.80055204975216
6.4,6.4,6,1,3,51.640311253931564
4.9,2.4,8,10,5,73.9880518206838
8.6,4.5,9,7,9,41.41068221448479
8.1,8.9,2,5,9,0.8678403463603921
8.7,11.5,3,8,7,44.6146188956047
5.0,5.6,7,8,10,51.45972958685867
8.3,4.3,3,3,9,10.356302164365367
4.6,9.2,8,11,2,100.0
4.8,7.9,3,9,1,91.12343188820151
8.3,11.1,10,6,5,77.64529202253509
4.6,7.8,10,1,2,84.89594291868495
6.5,6.6,3,4,3,50.719386958020706
6.4,8.7,5,11,3,82.66012326563174
3.5,3.2,2,8,1,62.26358697936396
6.0,3.6,7,11,8,63.80220453435204
5.0,5.7,9,8,5,72.86106374477265
4.0,8.4,5,8,10,63.340275702335035
5.2,2.6,9,6,6,75.94530008926881
6.2,5.6,1,12,7,46.9441201420417
8.5,5.4,3,6,1,54.87289894051941
5.8,3.5,2,1,3,42.38429286614749
6.8,5.2,4,1,5,39.42217124037638
4.3,10.8,2,3,2,67.89865010149911
4.2,3.7,6,3,4,55.81216109963954
6.4,11.7,7,6,8,61.88990965792921
4.4,9.7,8,4,1,99.76756833598391
4.7,8.0,8,6,4,76.56734558236302
6.5,3.4,7,5,4,64.8511359535398
7.4,2.7,1,2,10,1.513293792221864
8.3,5.8,3,6,1,45.68923769954535
5.5,10.6,5,1,9,33.62857288077703
6.1,11.0,4,2,2,63.47034910600752
4.7,2.7,2,1,3,46.199796782484555
7.4,4.4,1,7,6,29.73752410286981
5.8,3.4,9,10,8,63.85332629399917
7.1,8.9,3,10,2,80.4387478067579
5.0,8.3,5,9,10,43.458465142444254
3.1,3.9,10,5,3,93.59372919664496
3.7,2.1,10,10,6,82.49010912885122
5.1,2.0,5,3,1,57.44784300742066
5.5,10.9,6,8,6,90.37488189562833
3.1,7.0,8,5,10,55.73574319301066
5.5,6.0,9,11,6,81.52973686943272
7.9,6.7,6,8,2,74.7382339297944
7.2,9.7,7,7,6,72.00019417232724
6.8,7.9,10,4,6,59.1437005724516
3.6,3.9,6,3,1,60.37734251802655
5.7,9.8,6,8,4,84.32297130064443
7.4,4.7,6,8,3,77.03880568867994
6.1,8.2,3,4,9,26.31414629873881
7.4,7.7,6,1,8,41.654803699603384
8.9,11.5,1,9,4,59.70848294549937
7.3,9.6,7,2,10,38.63459712713145
8.3,10.3,10,11,3,100.0
5.2,6.0,7,9,5,69.85392062859549
8.2,4.7,3,11,4,44.94923604893329
3.5,2.4,2,6,3,65.27666165086552
3.3,9.3,5,1,9,51.98006708069108
5.9,5.6,10,5,10,66.24397487828085
6.2,3.0,3,3,5,26.643447477448987
7.8,10.4,9,8,7,77.56484911565043
6.9,4.9,1,2,5,15.993948670654943
6.2,8.9,8,6,5,85.39186831870028
3.3,8.7,4,9,5,75.29038210881157
3.8,2.9,7,4,8,40.700156688343554
6.0,4.7,9,1,7,45.0819792729076
6.5,11.7,9,9,9,74.37132584029314
7.9,10.1,9,10,7,86.80883351384992
7.2,11.9,3,1,2,44.93346620830592
6.8,11.0,1,3,6,23.666695836541614
3.5,6.8,3,3,10,27.80941558015545
4.8,9.0,3,7,9,48.56683926082079
8.9,9.8,10,6,9,42.632473758668475
4.8,10.8,7,1,2,71.50181530045637
3.2,3.4,7,11,7,89.24593901292332
3.8,3.2,9,6,6,67.9137772775256
3.5,3.0,1,1,8,15.650058697686092
7.6,4.7,9,4,9,36.10097069949705
3.2,6.7,5,7,7,72.95141652714466
7.3,10.6,7,10,10,48.52983467477202
8.5,6.0,6,11,3,79.91591939903738
7.0,9.1,1,7,5,40.090616262730094
5.9,9.9,5,11,5,74.55290166772097
3.5,5.9,2,3,10,16.299719299395615
6.9,10.1,4,4,2,67.84580165848254
6.7,6.4,4,6,5,34.76462697756809
3.2,9.0,7,12,4,100.0
8.7,11.7,10,1,7,59.521186848497706
7.5,9.1,5,3,7,28.832716782784807
7.9,5.0,9,7,2,69.37043105265768
4.6,10.1,5,5,10,41.63174472537965
4.0,7.6,10,3,3,93.2174913472637
5.9,7.9,6,3,7,32.560639921178804
3.8,7.3,1,8,8,40.13628572715684
5.6,3.9,9,7,10,48.27380087104004
8.0,11.4,4,6,2,83.06447654611404
5.8,8.4,7,5,3,63.998511041941526
4.0,10.0,5,4,2,88.80579927063825
8.2,3.6,5,8,6,46.37888670727201
3.6,10.3,2,8,3,91.52449002225802
8.5,3.1,2,5,6,32.77988661727953
7.2,2.3,6,1,6,25.28404591667418
8.5,4.4,8,6,7,45.02226586373502
7.8,3.4,6,8,7,43.08380984314021
7.7,8.8,7,7,4,82.28125330212994
5.0,10.9,1,1,8,19.73211559872967
5.4,5.0,5,4,2,58.89466994777213
8.2,2.7,4,3,4,40.56268830091763
6.7,6.6,8,6,6,56.253401935069625
6.4,4.3,4,1,4,36.73500953120446
5.5,5.1,9,12,10,69.61941026462118
6.3,6.1,9,1,5,62.36520962619744
8.3,6.5,3,7,1,66.64744979592753
5.4,2.2,10,5,8,54.81048468397188
7.2,10.8,3,4,8,33.546040852231506
3.1,4.6,7,2,6,53.31598684349922
6.8,5.5,1,10,2,72.98743052909425
6.6,7.3,5,7,4,47.39393026593097
3.2,11.0,3,12,9,59.66759161339766
6.7,2.8,8,5,4,64.23209714249825
7.7,5.2,3,8,9,41.66597970256489
3.1,5.9,3,4,9,33.83181249351733
7.1,2.6,10,5,7,44.87921074035058
4.8,9.2,3,2,9,31.899459290002536
4.6,11.5,6,8,4,69.04305628475925
6.5,11.7,5,12,8,82.94330813933716
3.3,10.8,10,5,5,95.00540625203189
3.8,6.0,7,7,8,48.40727555312888
8.0,6.5,5,3,2,44.62306641899402
6.5,3.8,1,12,2,67.99541822960668
5.4,3.9,1,1,3,36.494961940617486
7.9,3.9,4,12,7,52.849026271484156
8.3,8.3,7,6,9,39.29904091159791
5.7,5.5,5,10,7,60.02362437530892
3.9,5.3,5,6,2,66.27685396411188
4.9,3.9,3,3,2,47.88859624772756
7.9,2.9,6,9,3,71.31611460532675
4.1,9.8,2,3,5,59.67431552998942
7.9,5.9,1,4,2,27.53901871748485
8.4,5.5,4,5,9,27.240229049112195
9.0,9.7,8,1,10,34.196678874319595
5.1,9.3,10,5,3,79.23611131932685
8.8,3.6,8,5,4,63.757879928091235
5.3,9.0,7,5,6,66.14888515170689
5.4,2.4,6,2,1,65.08710648261
5.5,10.5,6,4,6,70.18214047789732
5.5,8.9,3,10,8,53.5789068024221
4.6,3.2,7,11,8,65.74526769583157
7.9,10.8,7,2,1,96.87051287598197
4.3,9.8,7,6,9,62.226496497556056
8.6,6.5,10,3,10,38.20231107852644
6.9,10.1,6,4,1,76.22768027773373
3.8,3.9,10,4,3,90.91256539322373
3.7,9.0,6,6,5,66.46991353215189
8.0,11.3,7,1,8,33.938368812184436
5.8,6.8,10,10,6,86.27962769423888
4.2,11.4,5,5,8,54.18791869568511
6.9,9.4,3,5,6,42.91013298931994
8.2,8.5,4,9,4,69.50329390364851
7.2,5.0,4,9,1,67.27461183766147
5.8,10.7,9,7,8,73.27526340872849
6.0,2.3,2,3,1,45.29403106889601
7.1,9.3,7,3,4,59.91144977118745
4.4,7.9,2,1,9,25.425333956186527
5.7,8.6,10,9,3,100.0
7.8,4.5,9,7,5,59.06247961711867
6.3,5.5,8,3,5,57.071098138311974
5.2,2.6,1,1,2,26.121473538308738
4.8,9.6,8,3,9,56.49862805362382
5.3,4.0,9,7,2,83.68411823905336
4.3,4.9,3,9,7,50.34154985912579
7.4,2.9,2,1,8,0.30390086348362466
6.7,4.0,8,11,3,69.76787640677006
7.1,10.5,7,6,3,81.91935956703777
3.1,6.2,8,6,4,87.58594729858727
6.7,8.9,6,7,4,82.86459307541
3.5,9.4,1,11,2,80.44189913457343
8.5,8.7,9,1,3,63.247566623954285
4.5,2.5,6,9,5,64.20789695142581
9.0,5.6,8,4,8,30.879353994957597
3.7,7.5,9,8,7,85.86317745046125
7.3,3.7,4,7,8,26.20390764836758
4.4,5.5,7,3,6,56.88016794395335
7.1,5.3,7,3,10,43.307822737855545
4.0,11.9,3,11,8,63.343418047409315
8.7,8.1,6,7,2,82.94508451200096
3.7,2.9,2,1,8,21.914951589022397
6.5,5.4,1,6,8,35.94250805426415
8.8,5.3,8,3,5,42.00621979005385
7.5,4.1,6,7,4,49.29769118074849
3.0,3.9,8,12,6,79.23805959364476
3.4,10.0,8,2,10,41.4553171545397
5.4,5.4,6,9,3,60.35633245346803
4.4,6.4,3,7,2,76.32873761871501
7.5,4.1,1,12,4,53.964291736781476
8.6,10.4,7,8,10,67.46828987565775
5.4,9.6,10,11,9,82.28092224000095
3.1,7.1,1,8,2,64.03115835142276
8.0,8.1,10,7,7,80.84678161319238
5.9,10.9,6,11,5,80.30012205535614
7.0,6.6,7,12,4,85.28181890505746
6.1,7.6,8,2,9,44.8552649505126
5.7,8.2,8,5,4,67.62991741186825
8.0,8.0,6,12,4,94.2126146426069
7.0,5.2,5,12,9,58.43423643711785
3.5,9.6,6,11,7,78.99449680588555
5.3,4.5,3,8,7,57.40628222549444
3.9,9.7,8,11,4,100.0
3.6,11.5,8,3,3,87.38766972877227
8.4,9.1,9,11,6,74.37700059399718
6.1,12.0,9,10,3,100.0
5.8,7.6,7,3,6,61.15985786950522
6.5,2.8,8,6,10,35.72891367926173
6.1,4.6,5,6,7,45.372137297920624
7.1,9.7,4,6,1,69.07020945715962
3.5,11.2,1,1,8,31.365720361925813
7.4,7.1,5,11,7,63.60851373757787
4.1,9.0,4,8,10,41.26322276990962
4.5,9.3,3,10,1,93.1034530032121
7.8,8.9,5,2,4,42.670378272226976
7.9,9.2,4,3,1,63.81702884034213
4.8,10.1,3,5,8,43.33133254916082
5.6,5.1,5,11,6,49.4685444117651
4.0,10.9,2,3,3,66.33727023837626
4.5,4.7,10,5,10,48.60595738864091
3.2,9.9,4,11,3,86.36338906378805
6.8,10.6,6,8,5,58.85104285923875
6.0,7.9,5,5,10,35.574723526965435
7.9,10.9,2,8,7,42.46544460867718
6.6,4.6,1,1,8,5.895173917474745
7.3,10.0,9,12,5,100.0
3.9,11.0,1,11,1,92.03464934677052
7.8,5.8,10,1,4,47.81833524884877
3.7,6.0,2,6,8,39.97079236663504
3.8,8.5,2,2,6,25.78320773706195
6.3,7.6,10,8,5,92.86351483146517
5.2,7.5,7,5,8,57.15447810316453
7.7,7.6,5,9,2,85.05172242132116
5.8,6.2,7,3,8,51.97475281929748
3.8,5.6,1,5,8,31.88227059910502
8.0,11.1,9,10,5,80.0872888586932
4.6,6.2,7,4,4,80.14489791582149
4.5,3.5,1,11,5,40.83731184230026
6.1,6.4,10,8,3,100.0
5.6,8.1,9,5,2,100.0
8.3,8.6,10,12,6,95.80658460595245
8.5,6.6,4,11,5,59.79153207165171
3.8,6.0,2,1,7,34.956347890011145
7.4,10.1,3,3,7,32.032305701786505
5.9,10.7,6,1,7,57.44781274250657
3.4,9.1,6,4,3,75.68204112569414
5.7,4.5,8,5,8,48.87571397023684
5.9,6.5,6,4,9,47.01213443057765
6.7,6.4,4,5,9,36.26729961909235
6.5,8.6,9,6,4,77.75829548522346
4.8,11.4,3,1,9,22.56756525073705
4.3,3.5,1,10,5,48.72489972309033
4.3,7.5,1,5,3,40.1763507419398
5.4,3.7,7,8,3,78.29237402051355
8.0,4.4,1,12,5,53.925850839880155
5.9,6.7,10,12,10,85.89753648966956
3.9,9.4,4,6,6,61.22242184753343
3.8,8.4,3,11,5,62.91446968175987
8.0,7.8,6,7,10,45.137346741951816
3.0,2.4,6,4,8,41.4434926555008
8.4,11.4,7,7,6,57.10123567588702
7.0,10.1,6,5,6,57.88880467553685
4.0,6.9,5,11,6,78.70149679252275
6.8,7.2,4,3,1,70.3751214064563
6.1,8.0,1,3,7,18.46974752148646
6.1,6.8,9,2,1,79.59075622989083
5.2,5.5,1,3,10,9.666782074542935
6.5,11.3,7,1,6,65.45973132118857
6.6,2.5,4,10,2,57.23330530703653
3.5,6.7,8,8,10,57.903974504433656
7.6,10.8,2,12,9,47.21248865536344
7.6,8.7,6,7,10,38.992687119295944
5.1,5.6,6,6,7,56.19383482994857
6.0,3.4,1,3,7,19.15468264215219
7.4,8.9,9,3,8,49.42732258965879
5.4,3.0,1,10,10,25.65336798909347
3.2,3.8,2,10,3,69.80404269755378
8.7,11.4,6,12,6,87.33512395318351
6.7,4.2,2,10,3,61.516481666790455
5.4,8.4,9,4,8,62.61815695148683
6.8,9.3,9,8,5,98.91981925080444
6.8,6.2,6,1,4,54.408226619629
7.6,10.8,7,12,8,69.09848730607625
8.2,9.5,2,8,7,28.203813686935955
4.9,9.5,2,2,7,35.029000382717406
5.2,12.0,1,12,2,70.62938843610058
5.4,10.2,4,9,8,58.14228565837413
8.1,7.2,9,5,7,56.86173237999818
3.6,9.9,6,6,8,60.68360884510386
4.8,11.6,4,6,2,77.03671247237394
6.1,2.6,5,4,4,54.0671125693669
4.1,3.0,5,4,6,44.32742514099862
4.1,8.9,5,2,5,59.554016950657704
5.0,4.2,1,8,1,60.21861415911239
8.8,8.1,7,8,8,55.40340253047311
8.5,2.8,8,4,2,63.48041775341261
7.9,7.1,5,2,8,23.35430753014089
7.6,4.5,9,8,8,55.27282729291555
8.6,9.5,10,8,3,93.3043593974735
8.9,6.6,9,5,9,34.52240613244025
5.9,9.8,1,10,8,54.51269926284295
5.1,8.1,2,12,5,64.7752936796684
4.4,6.6,4,5,8,38.61507775604886
8.3,4.2,4,6,1,64.72641082369402
8.8,6.2,7,7,4,61.977411304701626
6.1,3.2,5,3,10,26.649078531117564
8.1,8.9,9,4,4,62.577250358728165
6.5,8.7,3,1,4,38.0263172120227
3.6,2.2,3,4,3,43.17041225406102
6.8,4.6,3,11,6,36.474602609346825
6.9,4.7,4,9,2,58.23248919777056
4.4,6.7,7,9,1,100.0
4.7,3.1,1,10,7,36.398914016807566
6.9,2.9,7,10,8,46.85036663984428
8.2,4.8,2,10,6,39.87042058223305
5.2,12.0,3,12,9,58.380245247735395
7.1,6.4,10,5,10,58.454026797042204
3.3,3.3,3,5,10,23.66991531478882
3.3,10.6,5,5,5,85.41891030681865
4.9,9.8,2,7,4,57.85765148661938
6.7,2.4,4,12,5,60.711580108848395
4.5,8.3,1,6,2,63.07639161001844
5.0,11.4,10,4,7,71.8959084059426
8.1,2.6,10,8,5,64.698437571507
3.6,7.8,2,10,3,86.62821771035912
6.3,8.9,2,6,4,58.254813764052116
5.0,10.0,3,7,3,83.98200633630084
3.9,4.8,9,7,7,62.78420435680078
3.6,11.1,10,12,6,100.0
6.1,5.4,8,7,2,75.17581808632383
6.8,8.7,3,3,4,55.16905914777307
4.0,8.2,7,2,2,70.03521862899338
8.7,4.5,5,8,3,61.25294636083004
9.0,9.1,10,2,8,48.19360864421067
4.2,2.4,5,9,10,37.2741255704006
7.4,2.5,4,12,2,65.41054750039262
5.4,9.5,2,9,3,71.9381484833382
5.5,11.6,3,10,8,55.09271976374251
6.2,3.7,7,3,9,35.36145022042323
5.7,8.5,9,7,5,80.10802950411808
6.7,6.5,9,12,3,90.24947092330338
7.3,2.4,2,8,9,34.475577785223834
4.6,4.2,8,3,5,60.649212398529684
8.0,5.6,6,6,4,56.67550129413968
7.0,11.6,9,11,9,71.83825308140317
5.9,8.1,5,3,4,62.57093059501531
7.7,10.1,3,5,3,54.91412469405016
5.5,8.2,2,8,1,81.52401663745373
5.7,6.2,6,2,7,48.7729167544611
5.1,7.0,3,3,2,61.60613452338236
3.4,6.0,10,12,8,79.49510593214288
5.8,4.6,8,10,2,83.93019306212544
7.1,2.7,3,10,4,58.395999660656756
4.2,7.2,3,11,2,73.76216204769243
6.2,3.7,9,2,10,32.47130978493919
7.4,2.7,9,4,3,64.72224357557324
8.4,9.1,10,2,4,69.02607761386722
5.6,4.8,2,5,3,45.18986340319925
3.5,8.2,8,8,5,91.35752852579921
3.5,5.9,10,1,2,86.94735630699775
5.4,6.8,5,3,6,40.35140622793589
6.4,3.4,6,1,6,17.971360376619852
6.8,2.7,3,6,2,52.96767940800161
3.0,8.6,5,10,6,89.16670646207255
8.1,4.9,4,5,10,15.219600169468475
8.8,3.9,4,5,5,44.16792692473133
7.7,3.1,10,8,1,100.0
4.7,7.7,3,3,3,53.38303639805912
3.4,6.3,5,2,7,65.17898054199763
8.1,3.0,1,3,4,16.46651716134894
5.3,6.1,10,7,1,98.92776179843503
9.0,8.2,1,9,9,28.312024498288412
4.1,3.1,9,1,9,39.43221278348109
6.1,5.1,1,4,7,36.11869840963193
8.7,7.3,2,6,2,43.99060556156089
7.5,3.8,3,2,4,24.73270761257713
6.0,8.0,2,6,4,50.95322636786358
6.1,3.8,6,2,10,36.81629649758475
6.2,11.6,9,10,6,91.4324819243465
6.5,3.6,7,4,8,39.83995201863189
8.6,4.5,4,8,2,64.27789624020167
8.7,6.8,3,7,9,21.20457708067615
5.8,11.0,10,5,6,84.28546938545468
4.4,5.3,1,12,6,53.779544167502756
7.9,3.1,1,2,10,3.316210587862555
8.1,2.9,2,1,1,23.130502230141495
8.2,8.9,3,4,7,25.709436131057373
7.8,5.5,9,12,6,80.10271234303382
8.1,3.7,4,9,6,38.46322245428696
5.6,7.3,7,1,10,26.25379008836129
7.7,4.3,9,9,1,79.87775683137329
8.5,8.1,10,1,9,32.17506976396989
8.8,3.1,9,4,3,56.819297956768104
3.3,10.6,3,12,5,71.88168564553702
8.8,11.7,4,3,9,34.1864621735382
4.3,5.1,9,6,10,51.14661824829491
5.8,7.3,6,5,4,65.97050678585822
4.3,11.2,3,8,2,73.8371403255973
8.0,9.4,7,4,6,47.35011357106239
8.2,7.7,2,2,4,28.903199566301687
7.0,6.7,7,6,8,51.11562038464223
3.7,3.7,2,2,9,17.76877262594298
5.1,4.3,8,2,1,83.05158815414755
3.4,10.0,4,7,3,84.14382956363
5.8,6.8,10,4,10,48.70498514875355
3.6,11.9,10,11,1,100.0
4.3,8.2,5,12,4,84.91187699447632
7.4,7.0,2,3,8,25.03404521861245
5.9,3.2,9,1,10,38.82863824610482
4.2,5.4,7,8,4,83.86333572900296
7.5,10.9,2,5,5,47.141090283345015
3.3,11.5,2,9,10,50.99000040407162
7.0,7.2,8,4,4,70.09587311804675
8.7,2.3,5,4,9,1.6588811837608795
7.6,11.9,8,9,5,91.30762405199117
4.8,2.9,1,12,10,29.732200547819534
6.4,9.9,9,12,3,100.0
5.3,2.8,3,8,3,59.73502306389425
3.8,4.8,3,10,6,60.442136178454525
8.9,6.6,7,11,6,73.06967955440217
6.3,11.5,10,3,4,85.96441415650696
7.0,3.0,5,8,9,37.275255782254256
4.5,7.7,6,4,3,72.5211987265334
3.1,6.2,6,12,7,80.62391204719401
4.9,8.0,5,4,1,70.46152839488717
3.1,6.5,4,7,9,48.635054928693606
7.0,2.7,9,11,4,83.65804510043571
3.9,2.4,9,10,1,100.0
7.0,8.5,8,4,9,42.08476199119409
5.0,5.6,5,6,8,42.71347772052449
5.4,7.8,7,7,9,42.57076981116187
3.3,6.4,1,3,6,35.24585988773297
3.2,9.9,7,5,6,67.59829327773365
5.7,4.5,6,3,7,45.77959729576242
4.0,6.2,4,12,8,60.36824278804721
7.0,3.4,2,2,8,9.794226464292084
4.9,3.8,6,6,6,57.60844347276279
6.5,6.2,10,5,8,43.834683038395355
5.1,7.4,1,11,6,46.508583914266566
3.8,3.3,7,3,4,57.50521755308199
6.4,10.8,3,3,4,49.318509130634844
6.2,6.4,1,2,3,36.20382908133559
4.0,6.0,5,2,8,37.09711618341905
4.5,9.8,8,3,3,81.12629475591233
6.1,3.5,4,9,10,31.993482882666846
7.2,5.2,4,4,10,14.551911433315471
7.7,7.0,3,7,10,23.233839508121168
8.8,3.0,1,9,8,13.524095172107678
4.6,10.8,3,9,8,58.05787852381954
7.0,6.6,1,8,7,19.070157334299537
8.9,8.2,1,8,5,37.98500354054391
6.8,11.7,1,12,9,47.6987333543499
5.9,6.1,10,11,9,85.20147941237005
3.8,8.4,7,7,6,72.40585982632648
5.8,10.0,6,11,10,64.75674370018385
5.4,2.7,10,3,5,75.98069387595339
4.1,3.6,10,5,2,90.13774884057506
4.2,11.1,7,2,1,82.97444257614215
5.1,9.8,8,9,1,100.0
4.8,6.6,6,5,9,43.87889987580838
4.2,7.6,5,11,10,62.75804025985563
4.0,10.3,4,1,4,73.53419626808407
7.6,8.6,4,3,1,58.444073547381464
7.3,2.9,4,1,6,27.57770836020849
5.5,2.3,6,4,6,39.280282679438045
5.1,4.9,1,3,7,23.994939255471447
4.9,6.4,3,10,4,63.411639747504935
3.5,3.2,7,1,6,61.95429606529496
4.6,3.7,4,4,9,26.463551174253272
8.1,9.3,2,7,5,55.03832381219921
4.0,8.9,1,1,3,44.35060436613015
4.4,7.8,4,10,8,58.76051064132577
6.5,5.7,1,5,10,11.76448421728453
8.4,5.0,8,1,7,20.948849983583234
7.3,4.6,9,6,10,31.410269617300784
6.6,6.4,10,9,9,68.85522467501045
8.9,4.8,9,7,6,61.872591932408206
5.9,10.0,6,9,2,86.03710376436166
8.2,8.9,1,11,8,44.64614357028588
4.7,10.2,7,10,10,74.19902606606666
6.6,9.3,5,10,4,80.85072398399592
5.2,6.9,5,6,7,49.447577090782325
4.7,5.2,5,1,7,34.798977323490185
4.3,2.2,2,1,5,17.400685146696905
3.0,7.7,10,5,6,72.06437370233915
4.3,6.3,8,11,10,55.18704280922441
7.9,5.0,4,11,1,76.07375278826315
7.8,6.2,10,6,9,46.89348418007865
5.0,9.2,8,10,6,90.96162509884894
8.8,4.6,3,11,6,39.31474419888818
6.3,10.1,9,8,4,90.6033522630504
4.3,5.7,4,11,9,60.44034762120516
4.1,8.0,1,10,10,21.567693668967536
5.7,4.8,8,12,6,85.42314770860189
3.5,8.9,6,1,5,48.25703148911677
7.3,5.9,7,3,1,70.03265245471303
7.1,3.6,8,8,1,83.5016393236854
6.9,8.3,3,6,1,79.15245400598624
3.8,3.9,3,7,6,42.82913167945784
5.0,8.3,2,1,8,28.40400418379161
5.5,3.3,1,6,5,41.11583642718067
4.0,10.1,2,1,9,45.829754771500106
8.3,5.0,5,10,4,61.18661338115661
7.1,11.8,10,9,4,88.05888337315689
5.7,8.0,4,5,1,66.22473846809865
5.3,9.7,10,3,7,70.30664573108369
8.9,5.0,1,9,8,10.694233385947724
7.4,8.8,4,6,5,50.037090299292174
5.7,5.8,10,5,2,88.06305999039715
3.4,2.1,9,4,3,88.60690257143922
8.0,8.1,7,3,8,41.255956555056144
5.7,6.8,2,9,3,68.60870388174317
5.5,9.9,2,9,2,71.92039061291277
6.2,10.8,2,10,9,57.04470497363308
7.0,6.9,8,1,5,55.41688849995934
7.8,11.0,1,5,7,29.208024052254828
3.5,2.2,8,6,8,58.85831229274028
6.5,3.1,4,6,1,52.963127435179885
8.0,10.0,1,7,1,53.17829695653984
4.6,2.4,2,1,5,42.333145204440285
6.7,11.8,9,4,7,53.90914053600383
5.4,10.4,8,12,6,97.1550998589055
5.3,5.3,9,5,9,48.00123364294517
3.2,10.0,5,10,1,100.0
3.2,6.9,7,3,5,77.26041142701149
4.7,10.6,2,8,9,35.84833759769888
4.5,8.0,1,3,7,24.766131714221594
6.9,10.4,3,1,2,42.113449578195144
9.0,10.9,10,8,8,85.06348869166601
3.2,6.9,10,11,6,88.77764137732946
7.4,9.2,10,1,5,75.93615128624843
3.9,9.0,7,10,2,98.09819964473893
4.7,10.4,3,6,6,53.716710323629194
4.4,8.9,3,12,5,72.23981853455221
4.1,7.3,1,11,1,84.1675121594733
5.5,6.5,10,4,4,81.0438496111686
3.9,5.5,4,4,5,61.67224318106299
7.7,3.9,10,5,9,43.74851159332265
5.4,3.3,9,3,8,50.612537105777754
3.4,10.5,1,4,10,29.816196759336762
3.5,2.1,5,5,2,64.21086515761516
4.5,7.6,9,10,6,86.18148498355323
8.5,11.0,4,2,5,48.37126180446686
6.2,8.0,1,8,1,66.79863359742569
3.7,2.3,10,2,7,51.1900426394846
3.1,4.7,4,7,8,50.85417312661366
6.9,6.8,6,12,8,61.012531181915065
7.3,4.4,10,7,10,44.67229190092182
4.0,4.1,10,4,10,53.23747299159291
7.5,7.0,3,7,5,51.42848937681134
6.1,9.9,7,9,1,96.53478558833453
4.6,6.7,8,3,2,75.59835927298126
8.8,4.2,5,6,1,74.08763792080087
8.1,8.9,5,1,1,58.8151332153718
7.4,5.5,5,3,5,38.373599196272465
7.6,11.4,3,3,4,45.662860740024165
8.9,5.0,1,11,9,25.422040698213532
5.8,11.9,9,1,3,72.71705248460671
4.8,2.9,2,7,10,12.857733741726165
3.9,8.5,7,6,3,83.67305257161497
7.7,11.9,4,11,5,67.64062240885912
3.8,7.5,1,11,4,71.31858046922102
7.3,9.3,8,9,4,73.23133591216332
7.8,4.7,9,5,9,45.87154665556175
5.8,8.1,1,8,3,67.16020969644174
5.8,3.3,4,8,4,58.74855048220754
6.9,10.0,8,12,5,99.67850626280622
7.6,2.3,8,8,1,94.63293331367676
8.8,6.3,6,3,5,45.70998774696437
3.9,5.1,7,4,2,65.47670624059343
4.3,5.7,8,10,4,94.80835805879595
8.2,7.5,5,5,10,26.17565548061964
3.4,11.6,6,2,8,59.010831255250594
3.1,2.7,1,4,7,32.40140200428179
3.1,11.4,2,2,4,63.792813706557645
5.3,10.6,9,12,1,100.0
6.0,11.1,3,2,2,57.42235597187274
3.9,8.5,1,12,7,64.92533012987869
3.5,5.7,3,8,6,67.60523823446316
8.5,7.6,6,3,1,70.41527813397828
4.7,11.3,6,7,5,67.65293800721491
5.1,3.6,1,4,6,29.726512762596123
8.2,2.6,5,1,9,16.731273544849067
7.8,10.0,3,12,4,66.70911006361189
6.8,11.6,3,3,1,74.54725441212655
4.5,4.6,7,2,8,34.896362228203245
4.3,4.4,5,3,5,50.87732402557857
4.2,2.8,3,10,4,71.48872438937701
7.7,9.2,7,6,10,42.175007562607405
7.8,10.7,6,2,3,66.2290737923383
7.3,6.7,7,5,9,27.282734607097638
3.1,4.6,7,2,5,74.21438647313657
6.0,2.4,6,1,1,44.13471302366442
8.3,3.9,6,5,7,28.61492916920075
7.6,3.1,2,1,2,31.249763076930424
4.2,6.5,4,5,10,38.63566529736913
3.4,6.8,9,7,2,99.89426959367648
7.6,11.4,1,4,7,28.644827006042465
5.6,5.5,9,4,5,48.84726035639478
4.1,2.2,7,11,7,72.55031843282549
7.5,7.1,1,6,5,43.32359026952312
4.8,4.5,3,2,9,30.530408135297947
7.2,10.8,7,9,6,81.58132503594798
3.3,4.3,4,9,2,87.22601677789577
8.8,2.1,9,12,9,52.2455919730719
8.6,4.3,6,5,10,39.89663353333749
5.6,6.8,9,10,6,86.44568145388341
6.8,9.8,10,12,1,100.0
3.8,9.6,8,2,8,61.40949355043744
4.9,4.5,8,7,2,83.3770027250202
5.2,8.3,5,6,6,54.54101571004585
4.7,9.8,1,2,7,23.67106603712309
7.4,4.2,7,6,6,57.93427273873573
3.5,2.9,10,11,5,90.6602609277688
6.9,9.7,6,8,6,68.8414077871457
5.7,11.1,4,7,8,52.39981268644229
6.2,7.2,5,11,5,65.35560563059006
4.1,6.4,9,3,5,62.27840431708948
8.5,5.5,7,1,5,39.40178865702899
3.8,5.3,10,6,7,72.05989700770729
7.3,8.7,8,10,10,56.05658954262643
3.7,6.3,5,12,6,91.92182616719082
4.1,9.5,4,9,1,100.0
5.7,11.8,5,1,8,20.328071330239915
4.5,9.5,1,12,7,60.88366190742184
4.2,3.3,9,6,5,76.64408220572415
3.4,6.7,6,9,4,76.80498588835061
8.7,3.4,10,1,4,52.151767309371806
7.4,8.8,5,7,3,71.41829519408087
3.2,5.4,5,5,2,70.86490789998496
6.7,10.9,4,11,1,85.64762444298681
8.2,4.4,10,7,1,78.09466087682198
3.9,7.4,6,3,9,46.25663727858812
7.3,11.3,5,8,5,64.91085429171542
8.6,2.7,5,9,1,58.73164513138338
6.3,6.7,9,11,8,75.96546831928
6.4,12.0,9,7,10,63.55716736039759
8.7,2.2,4,9,3,48.154756761734404
5.3,7.8,10,8,3,100.0
5.1,3.2,6,4,2,50.612013583407524
7.3,6.5,5,1,9,23.272917347779195
6.2,6.3,6,11,6,55.78323286943872
7.2,5.0,8,8,10,43.88034589860565
4.9,2.8,6,5,3,57.64551024579128
7.7,10.0,10,11,10,76.22089203385448
4.2,7.4,8,1,4,80.53882325732008
4.4,11.5,7,5,6,63.17184712284265
4.5,11.5,3,10,6,75.13891266581575
3.9,10.7,8,3,9,58.36727862552843
7.1,11.2,1,2,3,51.64738503188657
8.7,11.9,3,3,6,42.473449422552285
7.1,9.4,1,1,7,8.796458780743752
8.4,5.2,3,10,6,42.352651651304996
8.4,2.2,9,4,8,31.74027457149245
8.0,3.0,4,8,9,41.059986247017235
4.5,3.9,10,2,4,66.46407859197109
5.8,11.8,2,8,9,60.46931406218396
8.9,7.5,7,8,5,53.344726860972564
4.1,6.2,8,8,7,73.67436271821816
5.5,3.2,3,10,4,44.584486783161026
6.0,7.2,3,4,8,24.363264972853706
6.2,7.4,3,4,7,31.874634769514802
6.0,6.6,5,8,4,64.36762600524763
6.8,10.5,1,8,9,25.34084661332902
6.1,11.5,8,6,5,78.95148397318852
4.1,10.9,9,2,4,77.9198718653031
7.6,10.3,1,3,3,41.85529168271127
4.1,7.7,4,6,1,85.69654071994141
6.6,7.5,2,12,5,60.04830833113304
7.2,5.4,8,3,8,28.565067970099605
7.6,10.7,3,11,8,48.34060705710645
3.0,11.9,7,7,10,65.61169279663653
7.5,2.3,2,5,4,41.3279662405535
7.0,3.7,7,1,4,37.84676099746504
4.4,5.6,2,8,5,52.36811999027958
8.8,10.0,8,7,8,54.92956235186784
3.1,8.7,10,12,9,91.94090717591835
6.4,11.4,6,8,9,61.72508522003861
4.2,10.0,8,11,9,79.89997053861727
8.7,10.5,3,4,6,36.069650363257296
5.7,8.1,7,1,8,41.747763166310186
6.4,2.3,7,6,7,50.651541012372725
6.5,10.5,5,12,2,100.0
3.6,8.1,10,12,10,80.1655343015931
4.4,8.8,10,12,7,91.32235242082206
7.3,10.4,2,10,3,64.11907357742145
7.9,7.9,8,2,3,64.54098631028434
5.9,5.2,9,11,9,65.19140640784505
8.1,5.5,4,8,3,73.58438723661628
3.8,8.6,1,5,1,67.78361902529744
4.7,3.7,10,2,3,88.33844666106566
8.2,7.9,7,3,8,30.18945166373446
5.4,10.3,7,6,8,64.75360203098917
5.4,10.3,4,12,7,65.89347593536846
3.7,6.0,3,9,4,71.43410106293774
3.1,6.9,1,2,10,18.219942284033834
4.0,5.5,8,9,9,64.80559561346793
8.7,3.3,8,6,7,51.915109512933654
7.6,5.5,5,3,7,36.09193626935531
6.0,6.4,10,2,7,56.57130560143506
5.0,11.4,7,11,6,98.60517765388464
3.7,7.9,7,1,3,69.09140189374654
7.0,9.0,6,11,8,75.23883199717906
3.9,11.5,1,6,9,42.4623869797127
6.2,6.1,6,4,9,33.36117083822562
3.8,2.1,4,7,3,68.377910697476
3.9,6.1,5,12,2,89.98784129867616
5.9,11.4,4,8,9,47.70867901881666
4.1,6.2,7,7,9,62.9200226774128
5.8,12.0,5,10,5,77.98086111282213
7.5,10.7,6,6,6,58.151652819349415
8.4,11.1,6,5,9,49.40533200521294
4.3,4.9,10,11,4,100.0
7.9,9.8,5,6,8,46.106291749837354
3.4,11.8,8,9,8,76.59164723151014
3.7,5.5,7,7,8,58.64901046839939
6.0,8.8,10,10,3,100.0
5.1,4.3,5,10,8,59.88295976694655
8.4,6.3,9,7,8,49.499480689405054
8.8,2.5,5,1,4,14.798299114157086
8.6,5.3,10,3,6,52.276122560838616
6.2,6.8,5,4,3,69.19725988301661
8.4,7.0,4,4,4,48.60296106164195
8.3,11.2,5,6,7,56.63161426279143
8.3,4.1,4,9,1,68.64926380009607
5.5,5.9,2,3,2,50.84459111397572
6.3,10.3,6,8,9,55.07165900748138
3.8,9.3,5,5,10,51.76664670222756
3.3,4.1,9,8,4,76.6517452949575
8.8,5.2,2,5,2,43.254223583906814
6.2,8.7,10,4,5,75.48548377306466
7.9,7.7,8,1,6,42.637694403512064
5.6,4.4,3,2,1,52.43508540968875
8.3,6.7,2,9,6,36.12946023624181
7.9,4.3,6,3,8,18.643818699496485
7.3,10.7,5,5,2,83.33832477632492
7.3,5.6,5,7,9,34.82160962275947
4.4,5.9,7,1,7,45.994824971577856
7.7,5.9,5,5,4,47.41806750359134
7.1,9.5,5,12,10,43.33876971090926
3.5,9.5,4,10,1,100.0
7.4,4.4,9,3,5,45.08207142306729
3.2,2.2,10,1,9,34.10090202338854
8.1,4.8,4,1,2,33.19597969238542
6.2,3.6,6,7,1,66.90624755974711
3.7,4.7,9,8,9,59.61957277383019
7.7,9.4,7,2,8,36.79801662422223
6.4,2.1,6,7,4,64.43992237092583
7.8,8.1,4,9,8,47.329358318022166
4.3,6.3,3,2,6,49.88141111666739
5.1,6.4,10,8,8,61.70756195714361
8.7,4.7,1,2,6,5.045459039573456
8.7,4.5,2,7,4,49.332286162984225
8.5,8.6,5,1,8,38.841731463282585
6.8,8.9,6,5,7,43.346610321042476
3.7,2.8,4,7,3,71.94833254009266
8.0,4.5,7,2,10,25.120128540459465
7.7,7.8,10,3,9,41.111651640912
6.0,7.9,3,3,7,26.874213910365675
8.3,7.6,10,2,10,39.072556588952786
8.6,3.0,6,10,9,32.49873454812077
3.7,8.6,7,9,4,93.43580150027779
3.2,7.9,1,11,3,65.97487351244641
8.1,2.3,10,2,6,51.91673547014642
5.0,6.9,10,12,7,88.61471531403096
8.3,4.8,5,7,9,24.390687909246036
7.5,5.4,5,3,8,20.66439509392581
5.5,8.2,8,11,4,78.65792853730575
4.8,2.9,7,3,5,51.221576628491846
7.4,5.8,7,1,2,61.027318190958574
3.4,11.5,2,6,2,71.9089000428541
3.8,7.0,2,1,9,20.253501417994592
5.9,5.1,6,10,3,86.85537230201493
4.4,7.0,7,11,3,96.81656471234876
5.7,2.3,3,5,1,58.86583492300719
8.5,2.3,7,11,1,80.66174569756932
4.5,4.3,2,2,10,8.9473533462637
5.1,5.5,3,10,9,45.687706217348556
5.0,3.1,8,10,5,82.55667538231857
7.1,2.4,10,7,7,59.721167894161276
5.6,8.0,1,10,7,39.2323117337291
8.0,10.3,6,11,2,80.96685764385148
6.6,4.2,7,1,8,28.60523532432694
7.6,9.1,1,4,7,24.094013810312042
3.3,3.8,3,2,6,39.027354526681975
5.0,8.4,10,6,8,77.2518813777775
7.6,2.1,10,1,7,37.2324875370839
3.5,2.5,3,11,3,82.14571041864585
5.4,10.3,8,6,3,89.97782638680573
8.8,7.8,8,9,10,48.80744057886789
8.2,8.0,4,3,2,55.07039310148106
4.3,6.9,5,7,5,70.6430632615916
3.1,11.3,2,12,10,51.97002677518126
8.6,11.3,2,2,1,58.7342532547784
8.4,3.7,4,9,9,27.201363680559613
4.1,2.4,6,7,2,71.20314382177371
9.0,10.1,2,5,4,37.97829968021476
7.5,6.5,8,11,1,100.0
4.1,7.9,10,7,7,79.5664419876865
3.7,10.0,5,5,10,50.79517913442216
6.7,9.2,2,3,10,5.011232665010693
6.3,7.4,8,8,2,77.92272649474391
4.0,3.0,2,12,3,64.61491727580798
3.1,8.7,3,1,3,60.3382772126988
3.4,9.7,10,2,9,69.41706567552065
3.7,11.5,7,10,4,99.67636702698005
8.5,7.3,9,6,1,78.86995633132317
8.3,10.5,1,2,9,21.433659792743022
5.7,8.5,5,4,9,31.8827087117227
3.9,11.5,4,8,5,73.2900007868146
6.1,6.2,5,6,2,60.466875020077296
4.4,7.1,2,3,6,37.2436520026036
4.7,8.2,6,5,6,74.43037641151271
6.6,11.5,8,5,8,61.62276227607026
7.6,11.3,6,6,1,85.96047861469194
6.9,7.8,2,6,9,33.6168635156975
5.6,10.2,4,12,7,75.17722172041475
8.8,8.4,5,10,7,55.75299021391862
5.5,4.9,6,4,6,55.81563473273755
4.5,3.5,8,3,6,47.185690562697125
6.5,5.2,1,10,7,45.100501272530416
5.4,7.5,4,7,10,38.11021183073154
8.3,5.3,5,1,1,41.63592850425787
5.3,3.7,8,7,1,97.90419080422276
6.6,5.5,3,9,9,42.372780244343495
4.8,9.8,6,10,10,60.68469128429309
7.9,6.6,8,11,7,70.8463668490189
6.0,10.3,5,6,10,33.08549672971991
3.2,11.2,9,7,10,56.848637403143535
8.7,3.1,1,9,6,32.1982641147829
6.2,6.0,6,9,2,79.98960557125038
3.7,10.9,8,5,1,100.0
6.4,2.1,10,1,4,62.06255595880574
3.6,4.6,6,2,2,62.117204030630624
8.6,11.0,6,8,1,78.8180551675202
5.8,3.8,2,11,2,74.52883036834443
5.9,9.6,10,8,1,100.0
6.6,11.3,8,9,5,94.23243007637541
6.9,6.4,5,5,5,40.58631156971042
6.5,10.9,1,9,8,44.610963886438725
4.3,9.4,2,11,4,61.57604985004398
7.3,2.1,10,6,4,67.68128649032015
7.4,6.6,9,8,4,92.16955144114999
8.1,3.6,1,4,5,9.542106226535045
5.1,4.2,3,5,6,37.09537072020507
4.5,3.9,2,7,6,36.65347486748695
5.0,3.5,7,10,7,45.129873958909414
8.1,2.6,4,1,10,0.0
3.3,3.9,9,9,3,96.13227890379062
8.0,7.2,4,8,9,48.76625557044464
3.8,9.9,8,2,5,77.47062703302744
8.0,6.4,6,1,1,59.3576076782337
3.3,2.3,2,7,2,72.27553710531308
5.3,10.3,6,2,5,51.598746880552184
3.6,8.5,6,8,1,95.45093257372987
4.6,2.2,6,5,1,76.01431927572028
8.8,5.1,10,6,8,49.28255345930941
3.2,9.6,10,4,4,98.72260896231688
5.6,11.3,2,8,10,42.783926136875614
7.9,2.1,5,10,3,55.30064820179661
8.2,7.5,3,9,4,60.943942682790684
5.0,9.3,5,4,2,65.05882375272918
6.6,6.7,7,11,3,94.42852275502722
3.7,10.9,3,12,1,96.56880243509634
4.6,2.8,6,11,10,45.14149892414374
7.0,10.3,4,12,8,64.66220231506439
8.0,5.3,6,10,8,37.08317309164343
5.8,6.3,8,6,1,95.79752889978852
3.6,2.9,9,9,6,76.3693972977039
3.7,11.6,4,1,7,48.3003777793664
7.5,7.8,3,5,9,23.119706800217383
6.4,5.6,10,2,9,39.75658170854684
8.3,3.3,6,9,9,32.36649511753263
4.1,10.2,8,4,4,68.74181089247539
8.8,5.8,5,6,8,19.894756762054392
4.3,12.0,4,4,6,59.75440506163532
6.7,9.9,2,3,9,35.108275533490485
7.6,7.1,7,6,10,41.64281026436205
5.6,5.7,3,12,8,57.412911128659786
8.7,2.3,6,7,4,55.369625741269985
4.3,3.3,6,11,8,57.860059001011436
8.6,10.0,3,9,4,65.1000165006383
6.9,5.3,6,9,1,85.46391854716214
7.2,4.4,1,11,10,22.668604168911735
3.4,3.7,4,10,4,74.74210631112597
5.6,7.9,5,5,3,76.65880102635575
8.3,6.3,1,1,3,27.677841420283574
8.7,7.7,10,5,4,69.39547213375549
7.4,11.5,2,5,9,33.675457445460125
6.2,3.7,9,4,6,60.21811595764177
5.3,5.2,6,3,6,51.323222163793936
6.9,11.4,5,6,4,59.927874796136486
3.5,6.1,9,12,10,70.3771393405507
4.4,11.0,9,12,10,91.37352862154579
3.1,10.3,1,12,5,76.01515181452118
4.5,2.3,3,6,7,37.54789664894314
4.2,6.8,7,3,8,52.107579438518044
5.6,6.5,7,3,7,47.762265659151936
4.3,4.6,6,2,5,38.150440643018015
6.7,4.0,4,5,4,35.12842787132972
6.2,7.6,4,11,3,76.22660335595198
8.4,10.9,4,11,7,75.00354216554315
8.2,8.9,1,3,5,29.593850323057737
8.1,3.8,1,11,8,30.62548200281328
4.2,2.9,1,4,8,28.176098013031982
8.6,7.5,8,4,6,46.05881797140154
6.8,10.8,4,4,2,72.69385190421045
4.2,7.0,5,6,6,63.92463386811944
8.2,11.0,6,12,7,66.33329690429915
4.8,8.5,6,3,8,45.64601949641019
6.3,9.2,2,12,2,77.48075506551172
3.2,3.0,3,9,7,59.32409659453598
8.7,3.0,6,4,7,25.906822392860562
3.3,9.2,1,9,4,62.88826337454903
3.7,7.6,10,10,9,84.46768161575201
7.6,5.8,6,5,6,45.799946448731504
5.0,7.9,6,8,9,58.677360178837674
6.3,7.5,7,11,1,100.0
6.2,6.3,1,7,4,54.44730833799452
5.3,7.9,8,3,8,54.06516885358221
4.3,7.9,10,5,4,79.61608732956785
6.6,12.0,7,10,6,90.13389165536108
5.4,10.6,4,9,7,68.54111129705313
8.8,10.8,1,3,10,8.4853044446812
5.3,10.0,1,4,7,28.79047910007483
7.6,2.1,2,7,2,49.56748953954927
3.8,2.8,10,4,3,75.33232847469
8.6,4.7,8,1,4,41.337749656801996
9.0,8.7,5,6,7,37.031775905977334
8.4,9.1,6,4,5,49.684031650453555
8.7,11.7,7,6,6,63.334304490098525
3.4,11.0,10,1,3,75.86699249678794
5.0,4.4,5,11,8,52.554862421091855
5.3,7.6,3,3,5,45.37561355669906
4.6,10.5,6,11,6,81.40473868106126
8.2,7.4,4,2,10,15.044795522100845
6.0,8.4,5,7,7,49.56726269359512
6.0,6.6,2,2,6,21.04622690715511
3.5,2.5,10,8,6,81.29056306652144
8.3,10.9,8,10,1,100.0
8.0,9.4,6,10,8,66.91926290267386
8.4,11.9,6,2,8,32.96943118160587
7.9,8.6,2,11,8,45.953164233363744
7.7,8.5,1,7,3,61.23143980980686
8.4,8.9,8,2,1,68.43805102934645
4.2,7.7,7,10,4,96.65133723091019
5.3,6.7,8,2,10,38.963331345875766
4.3,8.7,10,11,2,100.0
4.2,7.1,9,1,8,53.87696970167586
8.1,6.1,3,2,7,18.187926451688647
3.0,6.0,6,7,8,50.353472302173614
3.8,4.0,3,6,3,65.41754358582664
6.5,7.0,1,4,1,58.245996488127325
3.3,3.0,9,6,6,69.27200208063368
5.2,4.1,3,6,2,63.848488691514724
3.9,10.6,9,5,4,89.87861471925847
4.9,4.8,9,5,4,74.14023869026339
6.2,3.1,8,5,8,51.88804924887702
4.7,2.8,6,4,6,55.86088237477341
4.9,7.5,4,7,8,42.565705708645076
4.9,10.4,7,5,6,75.89929958679576
6.7,3.3,10,5,8,46.22347428395736
5.6,11.3,10,5,6,72.32142835885463
3.8,4.1,10,11,4,96.79947757435335
3.6,2.4,2,4,7,39.1982100873379
6.7,2.7,5,3,7,31.470930516047414
4.9,2.6,6,8,6,61.70625245745069
4.5,11.1,5,1,4,69.03967328653876
5.2,3.7,1,8,10,9.538671645373665
8.6,7.1,3,8,7,25.898724872480134
7.9,4.1,8,7,5,60.05388148105536
4.2,4.4,6,6,9,50.652237742184354
4.0,2.0,10,4,3,81.49384271475506
3.9,10.2,3,6,8,55.46789798745112
7.3,10.6,8,11,2,100.0
6.0,5.5,9,3,4,71.23909474297258
6.7,11.5,4,1,5,61.31460974129469
3.3,3.1,6,1,5,61.40715495975202
3.5,7.2,2,5,1,67.83221640959047
6.4,6.2,9,12,7,70.03443805240929
5.7,8.6,7,12,4,100.0
4.6,2.2,4,7,9,32.35206912533912
5.2,7.2,4,4,4,59.930288240877495
7.6,9.6,7,10,8,65.59620694150125
4.8,6.7,9,1,1,74.26676916947893
6.4,11.8,4,8,9,61.356839868887675
8.0,11.0,2,12,4,63.10761125905715
3.0,4.0,1,9,8,37.34907214035771
7.7,8.5,1,10,1,75.99413417868536
4.6,4.0,5,8,5,61.40893057443794
3.5,8.4,1,6,3,54.15191280632977
8.8,6.6,5,11,10,24.248916966598376
5.0,5.2,1,8,9,45.912605727836045
8.9,8.1,5,8,9,30.857005501886157
5.0,4.5,5,7,8,41.90958070474937
3.0,7.3,3,5,8,44.6688619122224
7.6,5.0,7,11,5,50.486573537396225
6.4,4.2,8,9,5,76.78113107787267
6.9,11.5,8,1,4,73.32166556467763
4.3,9.1,1,4,5,39.58794167543843
4.2,3.3,3,4,7,35.165856438506644
5.9,11.6,10,7,4,100.0
7.4,4.7,10,7,8,53.77611366281245
8.9,5.3,1,7,1,49.60674506127335
3.4,8.9,9,11,9,84.26802133664137
4.2,11.6,1,12,9,57.83566974917669
5.0,2.3,1,12,2,76.64819354444944
3.4,6.4,6,6,4,76.5249746588212
6.6,6.2,4,10,8,41.117894102000406
6.2,8.5,7,11,7,76.59313301303406
6.7,2.6,7,2,5,36.51061208026361
4.9,12.0,3,3,7,41.58899237941638
3.6,2.1,8,3,7,44.744536134729124
4.9,3.1,1,12,3,56.81807554653044
5.3,6.5,3,12,2,88.79286207738585
4.1,6.2,2,6,10,24.446494698637053
7.8,5.5,5,3,1,64.95051510098752
7.6,5.7,2,9,5,53.15171877188877
3.9,2.8,7,9,9,47.2787175770234
4.7,3.2,10,6,5,74.80369195164884
5.4,5.1,8,12,10,72.88794842080296
6.6,5.1,7,7,2,77.93029058529481
4.1,5.6,5,7,8,54.48588917349048
5.0,3.4,1,2,7,16.843304776452044
4.9,11.1,9,5,4,93.27625377546175
8.4,6.4,6,1,5,35.77758787400282
7.0,11.2,2,7,8,36.221532485169874
4.5,11.4,8,8,9,71.9528684785995
7.4,2.1,6,1,4,43.398622207476784
8.9,11.1,2,5,3,52.17575151028304
8.8,11.7,10,9,6,82.12113141426984
7.1,11.4,7,8,4,89.70654649417422
6.7,8.1,8,12,10,59.69430100734367
3.8,5.9,8,12,4,98.77289080403193
4.5,2.8,3,1,10,15.682281614065856
7.3,7.3,10,3,1,86.02813089734342
4.3,9.1,2,7,5,65.03046179766393
6.7,5.0,9,1,6,42.11434715576421
4.3,5.3,1,2,8,17.058879454524092
7.0,6.4,6,8,9,33.98507634144276
5.5,10.5,6,1,5,51.72575521567611
9.0,7.1,1,2,4,27.8742336846274
8.1,7.5,3,7,5,44.268927400208774
5.6,8.0,5,1,6,40.00450264619077
6.4,7.3,4,3,4,56.81121203359636
7.9,9.8,4,8,7,61.221839605718515
5.8,4.7,3,1,8,24.822840644199694
5.5,3.6,5,9,7,48.48320813705564
3.3,6.5,1,6,10,26.106818538864417
3.9,5.1,4,6,1,69.38855363607068
3.1,8.0,7,5,2,81.30170995837392
3.1,11.7,2,3,7,35.761650912891554
8.0,2.3,3,12,7,40.10011243831718
3.0,2.2,7,11,3,86.3715951124335
8.4,2.9,6,8,2,76.8675106900608
5.3,6.3,3,8,1,76.60671343182553
8.5,3.5,5,12,8,48.140771792388705
7.9,5.7,10,12,2,100.0
6.1,11.9,1,4,3,41.39818281589533
8.6,8.3,2,11,5,59.81165122461307
3.2,5.5,7,3,6,59.15216514896038
3.5,4.0,4,2,3,59.24242317935504
5.7,7.9,4,6,7,48.59100956198501
8.4,8.8,1,1,3,30.23513956799038
6.1,2.7,6,1,9,18.81799570355826
7.3,10.7,9,6,10,54.98089095116242
4.3,7.3,6,4,9,39.18369149991255
3.8,2.5,1,10,9,36.268865151852744
6.2,8.4,1,12,10,43.58980230727365
5.1,9.3,7,2,10,37.35847145999078
8.1,7.8,9,5,2,82.15470902107556
7.8,5.7,2,1,4,17.902387603105105
4.3,5.5,4,10,8,52.025919939449714
8.2,2.7,7,3,6,33.59298111971627
4.0,11.6,5,2,2,75.12005972041746
3.9,4.3,6,6,7,74.31554814034914
7.2,8.8,1,7,2,49.375709541636276
3.5,8.8,2,10,10,47.909490520453296
7.1,6.1,1,6,9,29.839829231061508
3.4,2.8,8,7,5,75.07732312495142
4.2,9.3,7,12,9,68.30164221378368
4.7,10.6,3,7,2,70.00236142757134
5.4,4.4,1,9,2,55.804916280225655
4.0,7.0,3,5,2,81.65776553639003
8.4,11.3,6,9,6,51.005597174829255
7.3,4.0,10,10,7,57.994430364454416
8.5,7.2,8,12,2,99.71436910525084
5.1,5.3,8,6,8,48.33166360837605
3.2,3.6,10,11,8,91.03141850977514
3.8,11.4,3,4,3,77.47742906716306
8.6,6.8,5,11,10,53.13850492982514
6.1,5.4,2,4,6,25.431449825606066
6.0,11.3,1,3,10,16.914317073479143
8.6,7.4,9,5,9,51.89319713526169
4.5,3.6,4,2,5,36.7512065605853
6.4,10.8,3,7,4,63.23479730394749
6.4,5.0,6,6,9,35.77664284535837
5.1,9.0,10,11,9,78.56318889421249
3.5,5.2,4,1,7,31.631148314005056
8.3,2.5,6,2,10,0.0
4.3,5.5,7,7,7,51.95309450189204
3.6,2.4,4,9,8,57.50464543492053
4.3,6.2,6,12,10,55.1480889127352
6.1,10.8,3,9,2,91.40785464681355
5.8,8.5,10,4,3,72.31117214765347
4.5,10.8,4,3,2,58.92426168212684
4.1,3.8,3,10,7,56.42825086114055
8.6,6.5,5,6,2,71.66632131829793
8.8,6.9,5,9,6,60.392811872172544
7.2,11.4,4,7,3,67.691727261028
3.6,9.3,9,7,1,100.0
4.9,9.6,6,5,5,61.5709584327647
6.9,5.8,2,5,9,7.715674771712909
3.1,7.6,3,7,10,42.77483439016072
5.0,6.4,7,5,2,63.169611944766515
5.8,6.1,2,8,9,26.770271344335764
8.8,6.6,5,11,5,63.84356540630527
6.9,10.2,9,3,4,61.33997134639993
7.2,11.1,9,7,7,63.63103947475149
8.9,8.9,7,9,5,66.33277353283802
7.1,5.5,2,1,1,35.35973677536972
7.7,3.5,7,9,7,50.99272252066538
3.2,6.8,10,5,8,76.08360739748343
4.7,10.0,1,12,10,49.25411734266213
6.3,5.2,1,7,10,15.930500899040123
4.5,7.0,1,6,8,26.647922797366355
4.9,8.6,3,9,7,54.10026265598923
4.0,2.7,8,5,10,44.02119641575934
8.1,11.3,9,11,8,69.97252960727569
5.5,9.4,4,12,4,76.04134680790875
4.6,6.8,4,6,3,65.76435004950348
3.1,5.0,1,12,1,87.3408790490176
4.0,3.2,10,9,4,97.21131854977035
6.8,2.6,3,6,1,59.86777397269587
7.9,8.3,2,9,5,57.19348690039448
6.4,5.5,10,5,7,63.12289639798317
8.1,9.2,9,4,5,67.56413412742516
5.7,7.1,10,2,10,41.8167479995711
8.9,4.5,4,5,6,33.89933488160238
4.1,9.3,10,7,4,93.24597370427887
4.5,10.6,3,2,6,44.15304048708786
5.5,8.1,1,5,6,39.48206326287974
5.8,10.8,10,5,5,87.00179513494805
5.6,4.5,6,12,3,94.25851937055161
7.4,2.6,10,5,4,56.85604993686394
6.6,8.4,5,9,6,72.16599093010483
7.7,9.2,7,9,6,63.71642287286406
7.5,8.4,3,9,9,47.38844175913107
5.8,9.5,2,10,4,52.692920993204936
3.8,9.7,6,9,2,80.32528547183304
5.7,6.4,1,11,7,43.638401113640555
5.7,9.3,2,12,7,65.30846488772322
3.3,10.2,3,6,8,45.12977507057487
5.6,11.1,1,4,1,59.56577776473785
7.0,4.9,10,3,9,44.33212716755666
4.2,9.5,1,8,6,54.19165879801395
7.1,3.3,10,2,9,45.20332451045751
6.8,5.4,1,2,2,47.27139412234899
5.5,4.9,8,6,1,78.3190130852829
7.4,8.8,1,7,7,33.994117257022516
3.4,5.5,8,5,1,81.13607332640905
3.7,9.2,6,11,7,74.81574325919017
4.7,3.0,8,11,9,69.71907559668331
7.8,9.5,4,8,3,75.29073789082274
4.1,6.7,8,3,9,43.64333600260683
5.1,3.2,1,1,6,18.805807914917423
4.2,4.5,2,12,6,55.501595392713504
8.0,10.8,1,12,4,79.62242830204409
3.7,4.9,2,12,1,94.86403439606254
8.1,10.0,9,5,5,63.34897502463406
8.7,4.0,2,1,7,8.55858402324074
6.8,2.8,5,4,4,49.54988381893174
7.2,4.2,5,9,3,74.52087255715986
8.6,6.8,4,8,3,50.041492118672565
7.3,3.6,10,9,5,70.4317966683136
3.7,11.6,1,10,1,86.33350212061144
6.4,9.4,4,10,9,46.12069888393351
8.0,10.2,7,5,7,50.68723574681079
8.9,2.6,4,2,6,26.423368644731944
3.2,2.8,2,10,10,24.363090984665664
3.2,6.4,10,11,4,95.61138093447816
8.2,6.9,6,12,10,46.06249446321385
4.7,4.7,2,3,10,1.6497404300974985
4.9,6.1,1,9,6,54.39909323247366
4.0,2.3,2,1,4,34.18996422725743
5.4,10.7,5,2,7,42.78163543813814
5.4,4.2,3,4,7,30.904269771904268
5.9,11.0,10,4,5,77.37112814839818
8.3,5.0,10,10,6,61.01163792752896
3.3,3.1,10,4,2,78.17082007318147
7.8,6.4,5,9,4,53.00363431956576
5.3,8.5,4,4,5,64.39005029754416
5.0,8.5,2,11,7,67.19614887256115
5.1,5.8,7,8,3,89.38439426464679
6.8,7.7,9,9,8,58.397383580064236
4.8,5.8,4,7,4,80.40210942018162
8.1,9.8,5,3,8,30.91677138758298
4.1,6.9,9,10,1,100.0
7.2,2.5,6,10,8,45.63338321422592
4.2,6.4,1,2,8,30.843044932084894
4.7,2.3,2,11,10,19.761341439733428
6.4,8.7,10,10,5,86.58386547816173
3.7,2.9,3,8,4,68.59529243928583
5.2,9.0,8,9,3,100.0
5.8,10.8,4,4,3,64.79361392187124
7.5,4.3,1,8,5,38.87982840924593
6.9,3.5,4,2,6,25.854037988044436
8.6,2.2,2,9,5,41.02706619823745
7.4,8.2,8,1,6,49.50722576134321
8.6,5.9,10,11,6,72.24104853535763
7.2,8.2,2,10,4,60.61403267511757
8.6,3.1,9,9,8,46.75127050807666
9.0,6.4,4,2,6,34.14382931361544
5.1,4.2,5,11,9,56.78333369294766
7.7,3.0,10,11,10,51.28891297635731
7.0,8.6,8,2,2,78.17910896401463
8.9,9.2,9,3,2,68.04812615401902
8.0,7.6,5,10,4,67.84283258632146
8.2,8.3,9,8,8,62.10636348879339
8.4,3.4,5,2,10,21.416378731921164
6.4,2.8,4,12,2,73.43032928150554
7.1,11.8,3,6,3,66.76850071857095
8.3,10.8,1,1,3,31.105238180875386
5.5,9.9,8,8,8,77.59716223731782
3.3,3.9,4,7,8,22.886053051840875
6.9,11.0,4,9,2,88.55502744459282
5.7,8.8,2,5,3,59.17207543839838
7.2,7.1,7,1,9,45.621906324917404
8.3,6.5,3,2,1,54.29723239643396
7.5,11.8,10,11,7,99.00506695056336
3.9,4.7,7,8,5,73.41068985527515
7.6,6.5,2,2,8,18.28721546585078
5.3,8.1,4,2,9,27.84606622934182
6.9,11.0,3,9,9,44.922086015149404
7.8,8.1,7,7,8,50.33367520672435
5.8,12.0,10,9,2,100.0
6.9,9.1,7,12,9,66.47914729027063
3.9,8.5,4,11,10,51.32763607449586
6.6,6.2,10,5,10,43.510432601365125
5.0,8.3,6,5,6,62.12895619627029
8.3,6.5,10,2,6,51.26231389500348
3.9,8.9,6,7,7,71.12012710352253
6.9,5.7,6,3,4,61.20637964603955
6.1,5.9,6,9,7,68.00193670578433
3.6,9.0,2,5,5,58.07325566243163
3.4,4.9,8,8,6,76.38859058807053
3.4,5.7,1,3,9,20.649990265711292
8.3,9.7,10,9,1,100.0
8.4,3.2,5,6,7,32.653047232767896
6.6,9.8,4,5,10,32.22327668982203
3.1,5.2,8,3,7,49.79599171767377
8.4,10.4,9,1,1,78.78587895923813
8.5,6.5,8,1,2,57.989272903264
8.0,5.9,2,5,8,18.47245390602809
3.8,2.2,10,1,1,75.3459331236888
8.0,11.1,5,6,5,69.33332073836189
7.8,7.0,5,9,1,75.11174352361138
3.2,6.1,3,11,3,88.23260664314704
5.8,2.7,7,3,3,56.60414310687927
5.6,2.1,10,10,4,89.64816077638547
8.6,2.6,1,1,7,0.2502183369241127
5.8,8.6,6,5,8,34.88313735797735
6.0,2.1,6,2,6,45.59897331047759
4.2,2.2,5,3,7,42.09590344761915
7.6,2.3,10,1,7,44.97799218079502
5.5,3.0,10,9,1,99.91973275509476
5.3,4.9,2,2,3,29.33061542681843
3.9,11.5,10,6,4,91.73216742272078
5.2,5.6,8,3,7,55.178084553865624
3.5,4.3,10,1,10,38.72685532336123
6.0,6.6,3,12,1,76.85261964505158
7.5,6.6,7,10,4,78.39537529697354
7.2,2.0,5,8,9,34.24500717827009
4.2,9.4,8,3,10,47.63449917883417
7.7,6.3,10,9,3,92.47330899466992
5.7,12.0,1,6,7,49.58429421789477
5.7,11.0,2,3,7,35.2225631254936
6.5,2.2,8,3,3,50.444050670955434
8.0,2.8,10,4,10,40.22021215491028
4.8,8.6,1,12,10,55.66511807338101
6.5,9.6,6,11,1,95.09542576899263
7.3,2.8,2,9,3,51.099587291202695
6.6,5.1,8,5,10,38.39266218066126
6.4,3.1,4,8,7,57.6222084468942
